country,industry,product,platform,metric_name,metric_value,metric_unit,source_name,source_url,source_type,updated_date,notes
United States,,,Amazon,price,Price,availability,Amazon,https://www.amazon.com,platform_data_source,2026-06-30,"Marketplace URLs vary by country, for example amazon.co.jp or amazon.de. Bestseller pages are public but dynamic and category-specific; manual check required for exact local category. | Product price benchmarking; bestseller discovery; review mining; competitor and brand tracking | https://www.amazon.com/gp/bestsellers | https://www.amazon.com/s?k=insulated+water+bottle"
United States,,,Amazon,rating,Rating,availability,Amazon,https://www.amazon.com,platform_data_source,2026-06-30,"Marketplace URLs vary by country, for example amazon.co.jp or amazon.de. Bestseller pages are public but dynamic and category-specific; manual check required for exact local category. | Product price benchmarking; bestseller discovery; review mining; competitor and brand tracking | https://www.amazon.com/gp/bestsellers | https://www.amazon.com/s?k=insulated+water+bottle"
United States,,,Amazon,review_count,Review Count,availability,Amazon,https://www.amazon.com,platform_data_source,2026-06-30,"Marketplace URLs vary by country, for example amazon.co.jp or amazon.de. Bestseller pages are public but dynamic and category-specific; manual check required for exact local category. | Product price benchmarking; bestseller discovery; review mining; competitor and brand tracking | https://www.amazon.com/gp/bestsellers | https://www.amazon.com/s?k=insulated+water+bottle"
United States,,,Amazon,sales_proxy,Sales Proxy,availability,Amazon,https://www.amazon.com,platform_data_source,2026-06-30,"Marketplace URLs vary by country, for example amazon.co.jp or amazon.de. Bestseller pages are public but dynamic and category-specific; manual check required for exact local category. | Product price benchmarking; bestseller discovery; review mining; competitor and brand tracking | https://www.amazon.com/gp/bestsellers | https://www.amazon.com/s?k=insulated+water+bottle"
United States,,,Amazon,ranking,Ranking,availability,Amazon,https://www.amazon.com,platform_data_source,2026-06-30,"Marketplace URLs vary by country, for example amazon.co.jp or amazon.de. Bestseller pages are public but dynamic and category-specific; manual check required for exact local category. | Product price benchmarking; bestseller discovery; review mining; competitor and brand tracking | https://www.amazon.com/gp/bestsellers | https://www.amazon.com/s?k=insulated+water+bottle"
United States,,,Amazon,brand,Brand,availability,Amazon,https://www.amazon.com,platform_data_source,2026-06-30,"Marketplace URLs vary by country, for example amazon.co.jp or amazon.de. Bestseller pages are public but dynamic and category-specific; manual check required for exact local category. | Product price benchmarking; bestseller discovery; review mining; competitor and brand tracking | https://www.amazon.com/gp/bestsellers | https://www.amazon.com/s?k=insulated+water+bottle"
United States,,,Amazon,product_url,Product URL,availability,Amazon,https://www.amazon.com,platform_data_source,2026-06-30,"Marketplace URLs vary by country, for example amazon.co.jp or amazon.de. Bestseller pages are public but dynamic and category-specific; manual check required for exact local category. | Product price benchmarking; bestseller discovery; review mining; competitor and brand tracking | https://www.amazon.com/gp/bestsellers | https://www.amazon.com/s?k=insulated+water+bottle"
United States,,,Amazon,seller,Seller,availability,Amazon,https://www.amazon.com,platform_data_source,2026-06-30,"Marketplace URLs vary by country, for example amazon.co.jp or amazon.de. Bestseller pages are public but dynamic and category-specific; manual check required for exact local category. | Product price benchmarking; bestseller discovery; review mining; competitor and brand tracking | https://www.amazon.com/gp/bestsellers | https://www.amazon.com/s?k=insulated+water+bottle"
United States,,,Amazon,shipping_info,Shipping Info,availability,Amazon,https://www.amazon.com,platform_data_source,2026-06-30,"Marketplace URLs vary by country, for example amazon.co.jp or amazon.de. Bestseller pages are public but dynamic and category-specific; manual check required for exact local category. | Product price benchmarking; bestseller discovery; review mining; competitor and brand tracking | https://www.amazon.com/gp/bestsellers | https://www.amazon.com/s?k=insulated+water+bottle"
United States,,,Amazon,promotion,Promotion,availability,Amazon,https://www.amazon.com,platform_data_source,2026-06-30,"Marketplace URLs vary by country, for example amazon.co.jp or amazon.de. Bestseller pages are public but dynamic and category-specific; manual check required for exact local category. | Product price benchmarking; bestseller discovery; review mining; competitor and brand tracking | https://www.amazon.com/gp/bestsellers | https://www.amazon.com/s?k=insulated+water+bottle"
United States,,,Amazon,availability,Availability,availability,Amazon,https://www.amazon.com,platform_data_source,2026-06-30,"Marketplace URLs vary by country, for example amazon.co.jp or amazon.de. Bestseller pages are public but dynamic and category-specific; manual check required for exact local category. | Product price benchmarking; bestseller discovery; review mining; competitor and brand tracking | https://www.amazon.com/gp/bestsellers | https://www.amazon.com/s?k=insulated+water+bottle"
United Kingdom,,,Amazon,price,Price,availability,Amazon,https://www.amazon.com,platform_data_source,2026-06-30,"Marketplace URLs vary by country, for example amazon.co.jp or amazon.de. Bestseller pages are public but dynamic and category-specific; manual check required for exact local category. | Product price benchmarking; bestseller discovery; review mining; competitor and brand tracking | https://www.amazon.com/gp/bestsellers | https://www.amazon.com/s?k=insulated+water+bottle"
United Kingdom,,,Amazon,rating,Rating,availability,Amazon,https://www.amazon.com,platform_data_source,2026-06-30,"Marketplace URLs vary by country, for example amazon.co.jp or amazon.de. Bestseller pages are public but dynamic and category-specific; manual check required for exact local category. | Product price benchmarking; bestseller discovery; review mining; competitor and brand tracking | https://www.amazon.com/gp/bestsellers | https://www.amazon.com/s?k=insulated+water+bottle"
United Kingdom,,,Amazon,review_count,Review Count,availability,Amazon,https://www.amazon.com,platform_data_source,2026-06-30,"Marketplace URLs vary by country, for example amazon.co.jp or amazon.de. Bestseller pages are public but dynamic and category-specific; manual check required for exact local category. | Product price benchmarking; bestseller discovery; review mining; competitor and brand tracking | https://www.amazon.com/gp/bestsellers | https://www.amazon.com/s?k=insulated+water+bottle"
United Kingdom,,,Amazon,sales_proxy,Sales Proxy,availability,Amazon,https://www.amazon.com,platform_data_source,2026-06-30,"Marketplace URLs vary by country, for example amazon.co.jp or amazon.de. Bestseller pages are public but dynamic and category-specific; manual check required for exact local category. | Product price benchmarking; bestseller discovery; review mining; competitor and brand tracking | https://www.amazon.com/gp/bestsellers | https://www.amazon.com/s?k=insulated+water+bottle"
United Kingdom,,,Amazon,ranking,Ranking,availability,Amazon,https://www.amazon.com,platform_data_source,2026-06-30,"Marketplace URLs vary by country, for example amazon.co.jp or amazon.de. Bestseller pages are public but dynamic and category-specific; manual check required for exact local category. | Product price benchmarking; bestseller discovery; review mining; competitor and brand tracking | https://www.amazon.com/gp/bestsellers | https://www.amazon.com/s?k=insulated+water+bottle"
United Kingdom,,,Amazon,brand,Brand,availability,Amazon,https://www.amazon.com,platform_data_source,2026-06-30,"Marketplace URLs vary by country, for example amazon.co.jp or amazon.de. Bestseller pages are public but dynamic and category-specific; manual check required for exact local category. | Product price benchmarking; bestseller discovery; review mining; competitor and brand tracking | https://www.amazon.com/gp/bestsellers | https://www.amazon.com/s?k=insulated+water+bottle"
United Kingdom,,,Amazon,product_url,Product URL,availability,Amazon,https://www.amazon.com,platform_data_source,2026-06-30,"Marketplace URLs vary by country, for example amazon.co.jp or amazon.de. Bestseller pages are public but dynamic and category-specific; manual check required for exact local category. | Product price benchmarking; bestseller discovery; review mining; competitor and brand tracking | https://www.amazon.com/gp/bestsellers | https://www.amazon.com/s?k=insulated+water+bottle"
United Kingdom,,,Amazon,seller,Seller,availability,Amazon,https://www.amazon.com,platform_data_source,2026-06-30,"Marketplace URLs vary by country, for example amazon.co.jp or amazon.de. Bestseller pages are public but dynamic and category-specific; manual check required for exact local category. | Product price benchmarking; bestseller discovery; review mining; competitor and brand tracking | https://www.amazon.com/gp/bestsellers | https://www.amazon.com/s?k=insulated+water+bottle"
United Kingdom,,,Amazon,shipping_info,Shipping Info,availability,Amazon,https://www.amazon.com,platform_data_source,2026-06-30,"Marketplace URLs vary by country, for example amazon.co.jp or amazon.de. Bestseller pages are public but dynamic and category-specific; manual check required for exact local category. | Product price benchmarking; bestseller discovery; review mining; competitor and brand tracking | https://www.amazon.com/gp/bestsellers | https://www.amazon.com/s?k=insulated+water+bottle"
United Kingdom,,,Amazon,promotion,Promotion,availability,Amazon,https://www.amazon.com,platform_data_source,2026-06-30,"Marketplace URLs vary by country, for example amazon.co.jp or amazon.de. Bestseller pages are public but dynamic and category-specific; manual check required for exact local category. | Product price benchmarking; bestseller discovery; review mining; competitor and brand tracking | https://www.amazon.com/gp/bestsellers | https://www.amazon.com/s?k=insulated+water+bottle"
United Kingdom,,,Amazon,availability,Availability,availability,Amazon,https://www.amazon.com,platform_data_source,2026-06-30,"Marketplace URLs vary by country, for example amazon.co.jp or amazon.de. Bestseller pages are public but dynamic and category-specific; manual check required for exact local category. | Product price benchmarking; bestseller discovery; review mining; competitor and brand tracking | https://www.amazon.com/gp/bestsellers | https://www.amazon.com/s?k=insulated+water+bottle"
Germany,,,Amazon,price,Price,availability,Amazon,https://www.amazon.com,platform_data_source,2026-06-30,"Marketplace URLs vary by country, for example amazon.co.jp or amazon.de. Bestseller pages are public but dynamic and category-specific; manual check required for exact local category. | Product price benchmarking; bestseller discovery; review mining; competitor and brand tracking | https://www.amazon.com/gp/bestsellers | https://www.amazon.com/s?k=insulated+water+bottle"
Germany,,,Amazon,rating,Rating,availability,Amazon,https://www.amazon.com,platform_data_source,2026-06-30,"Marketplace URLs vary by country, for example amazon.co.jp or amazon.de. Bestseller pages are public but dynamic and category-specific; manual check required for exact local category. | Product price benchmarking; bestseller discovery; review mining; competitor and brand tracking | https://www.amazon.com/gp/bestsellers | https://www.amazon.com/s?k=insulated+water+bottle"
Germany,,,Amazon,review_count,Review Count,availability,Amazon,https://www.amazon.com,platform_data_source,2026-06-30,"Marketplace URLs vary by country, for example amazon.co.jp or amazon.de. Bestseller pages are public but dynamic and category-specific; manual check required for exact local category. | Product price benchmarking; bestseller discovery; review mining; competitor and brand tracking | https://www.amazon.com/gp/bestsellers | https://www.amazon.com/s?k=insulated+water+bottle"
Germany,,,Amazon,sales_proxy,Sales Proxy,availability,Amazon,https://www.amazon.com,platform_data_source,2026-06-30,"Marketplace URLs vary by country, for example amazon.co.jp or amazon.de. Bestseller pages are public but dynamic and category-specific; manual check required for exact local category. | Product price benchmarking; bestseller discovery; review mining; competitor and brand tracking | https://www.amazon.com/gp/bestsellers | https://www.amazon.com/s?k=insulated+water+bottle"
Germany,,,Amazon,ranking,Ranking,availability,Amazon,https://www.amazon.com,platform_data_source,2026-06-30,"Marketplace URLs vary by country, for example amazon.co.jp or amazon.de. Bestseller pages are public but dynamic and category-specific; manual check required for exact local category. | Product price benchmarking; bestseller discovery; review mining; competitor and brand tracking | https://www.amazon.com/gp/bestsellers | https://www.amazon.com/s?k=insulated+water+bottle"
Germany,,,Amazon,brand,Brand,availability,Amazon,https://www.amazon.com,platform_data_source,2026-06-30,"Marketplace URLs vary by country, for example amazon.co.jp or amazon.de. Bestseller pages are public but dynamic and category-specific; manual check required for exact local category. | Product price benchmarking; bestseller discovery; review mining; competitor and brand tracking | https://www.amazon.com/gp/bestsellers | https://www.amazon.com/s?k=insulated+water+bottle"
Germany,,,Amazon,product_url,Product URL,availability,Amazon,https://www.amazon.com,platform_data_source,2026-06-30,"Marketplace URLs vary by country, for example amazon.co.jp or amazon.de. Bestseller pages are public but dynamic and category-specific; manual check required for exact local category. | Product price benchmarking; bestseller discovery; review mining; competitor and brand tracking | https://www.amazon.com/gp/bestsellers | https://www.amazon.com/s?k=insulated+water+bottle"
Germany,,,Amazon,seller,Seller,availability,Amazon,https://www.amazon.com,platform_data_source,2026-06-30,"Marketplace URLs vary by country, for example amazon.co.jp or amazon.de. Bestseller pages are public but dynamic and category-specific; manual check required for exact local category. | Product price benchmarking; bestseller discovery; review mining; competitor and brand tracking | https://www.amazon.com/gp/bestsellers | https://www.amazon.com/s?k=insulated+water+bottle"
Germany,,,Amazon,shipping_info,Shipping Info,availability,Amazon,https://www.amazon.com,platform_data_source,2026-06-30,"Marketplace URLs vary by country, for example amazon.co.jp or amazon.de. Bestseller pages are public but dynamic and category-specific; manual check required for exact local category. | Product price benchmarking; bestseller discovery; review mining; competitor and brand tracking | https://www.amazon.com/gp/bestsellers | https://www.amazon.com/s?k=insulated+water+bottle"
Germany,,,Amazon,promotion,Promotion,availability,Amazon,https://www.amazon.com,platform_data_source,2026-06-30,"Marketplace URLs vary by country, for example amazon.co.jp or amazon.de. Bestseller pages are public but dynamic and category-specific; manual check required for exact local category. | Product price benchmarking; bestseller discovery; review mining; competitor and brand tracking | https://www.amazon.com/gp/bestsellers | https://www.amazon.com/s?k=insulated+water+bottle"
Germany,,,Amazon,availability,Availability,availability,Amazon,https://www.amazon.com,platform_data_source,2026-06-30,"Marketplace URLs vary by country, for example amazon.co.jp or amazon.de. Bestseller pages are public but dynamic and category-specific; manual check required for exact local category. | Product price benchmarking; bestseller discovery; review mining; competitor and brand tracking | https://www.amazon.com/gp/bestsellers | https://www.amazon.com/s?k=insulated+water+bottle"
Japan,,,Amazon,price,Price,availability,Amazon,https://www.amazon.com,platform_data_source,2026-06-30,"Marketplace URLs vary by country, for example amazon.co.jp or amazon.de. Bestseller pages are public but dynamic and category-specific; manual check required for exact local category. | Product price benchmarking; bestseller discovery; review mining; competitor and brand tracking | https://www.amazon.com/gp/bestsellers | https://www.amazon.com/s?k=insulated+water+bottle"
Japan,,,Amazon,rating,Rating,availability,Amazon,https://www.amazon.com,platform_data_source,2026-06-30,"Marketplace URLs vary by country, for example amazon.co.jp or amazon.de. Bestseller pages are public but dynamic and category-specific; manual check required for exact local category. | Product price benchmarking; bestseller discovery; review mining; competitor and brand tracking | https://www.amazon.com/gp/bestsellers | https://www.amazon.com/s?k=insulated+water+bottle"
Japan,,,Amazon,review_count,Review Count,availability,Amazon,https://www.amazon.com,platform_data_source,2026-06-30,"Marketplace URLs vary by country, for example amazon.co.jp or amazon.de. Bestseller pages are public but dynamic and category-specific; manual check required for exact local category. | Product price benchmarking; bestseller discovery; review mining; competitor and brand tracking | https://www.amazon.com/gp/bestsellers | https://www.amazon.com/s?k=insulated+water+bottle"
Japan,,,Amazon,sales_proxy,Sales Proxy,availability,Amazon,https://www.amazon.com,platform_data_source,2026-06-30,"Marketplace URLs vary by country, for example amazon.co.jp or amazon.de. Bestseller pages are public but dynamic and category-specific; manual check required for exact local category. | Product price benchmarking; bestseller discovery; review mining; competitor and brand tracking | https://www.amazon.com/gp/bestsellers | https://www.amazon.com/s?k=insulated+water+bottle"
Japan,,,Amazon,ranking,Ranking,availability,Amazon,https://www.amazon.com,platform_data_source,2026-06-30,"Marketplace URLs vary by country, for example amazon.co.jp or amazon.de. Bestseller pages are public but dynamic and category-specific; manual check required for exact local category. | Product price benchmarking; bestseller discovery; review mining; competitor and brand tracking | https://www.amazon.com/gp/bestsellers | https://www.amazon.com/s?k=insulated+water+bottle"
Japan,,,Amazon,brand,Brand,availability,Amazon,https://www.amazon.com,platform_data_source,2026-06-30,"Marketplace URLs vary by country, for example amazon.co.jp or amazon.de. Bestseller pages are public but dynamic and category-specific; manual check required for exact local category. | Product price benchmarking; bestseller discovery; review mining; competitor and brand tracking | https://www.amazon.com/gp/bestsellers | https://www.amazon.com/s?k=insulated+water+bottle"
Japan,,,Amazon,product_url,Product URL,availability,Amazon,https://www.amazon.com,platform_data_source,2026-06-30,"Marketplace URLs vary by country, for example amazon.co.jp or amazon.de. Bestseller pages are public but dynamic and category-specific; manual check required for exact local category. | Product price benchmarking; bestseller discovery; review mining; competitor and brand tracking | https://www.amazon.com/gp/bestsellers | https://www.amazon.com/s?k=insulated+water+bottle"
Japan,,,Amazon,seller,Seller,availability,Amazon,https://www.amazon.com,platform_data_source,2026-06-30,"Marketplace URLs vary by country, for example amazon.co.jp or amazon.de. Bestseller pages are public but dynamic and category-specific; manual check required for exact local category. | Product price benchmarking; bestseller discovery; review mining; competitor and brand tracking | https://www.amazon.com/gp/bestsellers | https://www.amazon.com/s?k=insulated+water+bottle"
Japan,,,Amazon,shipping_info,Shipping Info,availability,Amazon,https://www.amazon.com,platform_data_source,2026-06-30,"Marketplace URLs vary by country, for example amazon.co.jp or amazon.de. Bestseller pages are public but dynamic and category-specific; manual check required for exact local category. | Product price benchmarking; bestseller discovery; review mining; competitor and brand tracking | https://www.amazon.com/gp/bestsellers | https://www.amazon.com/s?k=insulated+water+bottle"
Japan,,,Amazon,promotion,Promotion,availability,Amazon,https://www.amazon.com,platform_data_source,2026-06-30,"Marketplace URLs vary by country, for example amazon.co.jp or amazon.de. Bestseller pages are public but dynamic and category-specific; manual check required for exact local category. | Product price benchmarking; bestseller discovery; review mining; competitor and brand tracking | https://www.amazon.com/gp/bestsellers | https://www.amazon.com/s?k=insulated+water+bottle"
Japan,,,Amazon,availability,Availability,availability,Amazon,https://www.amazon.com,platform_data_source,2026-06-30,"Marketplace URLs vary by country, for example amazon.co.jp or amazon.de. Bestseller pages are public but dynamic and category-specific; manual check required for exact local category. | Product price benchmarking; bestseller discovery; review mining; competitor and brand tracking | https://www.amazon.com/gp/bestsellers | https://www.amazon.com/s?k=insulated+water+bottle"
India,,,Amazon,price,Price,availability,Amazon,https://www.amazon.com,platform_data_source,2026-06-30,"Marketplace URLs vary by country, for example amazon.co.jp or amazon.de. Bestseller pages are public but dynamic and category-specific; manual check required for exact local category. | Product price benchmarking; bestseller discovery; review mining; competitor and brand tracking | https://www.amazon.com/gp/bestsellers | https://www.amazon.com/s?k=insulated+water+bottle"
India,,,Amazon,rating,Rating,availability,Amazon,https://www.amazon.com,platform_data_source,2026-06-30,"Marketplace URLs vary by country, for example amazon.co.jp or amazon.de. Bestseller pages are public but dynamic and category-specific; manual check required for exact local category. | Product price benchmarking; bestseller discovery; review mining; competitor and brand tracking | https://www.amazon.com/gp/bestsellers | https://www.amazon.com/s?k=insulated+water+bottle"
India,,,Amazon,review_count,Review Count,availability,Amazon,https://www.amazon.com,platform_data_source,2026-06-30,"Marketplace URLs vary by country, for example amazon.co.jp or amazon.de. Bestseller pages are public but dynamic and category-specific; manual check required for exact local category. | Product price benchmarking; bestseller discovery; review mining; competitor and brand tracking | https://www.amazon.com/gp/bestsellers | https://www.amazon.com/s?k=insulated+water+bottle"
India,,,Amazon,sales_proxy,Sales Proxy,availability,Amazon,https://www.amazon.com,platform_data_source,2026-06-30,"Marketplace URLs vary by country, for example amazon.co.jp or amazon.de. Bestseller pages are public but dynamic and category-specific; manual check required for exact local category. | Product price benchmarking; bestseller discovery; review mining; competitor and brand tracking | https://www.amazon.com/gp/bestsellers | https://www.amazon.com/s?k=insulated+water+bottle"
India,,,Amazon,ranking,Ranking,availability,Amazon,https://www.amazon.com,platform_data_source,2026-06-30,"Marketplace URLs vary by country, for example amazon.co.jp or amazon.de. Bestseller pages are public but dynamic and category-specific; manual check required for exact local category. | Product price benchmarking; bestseller discovery; review mining; competitor and brand tracking | https://www.amazon.com/gp/bestsellers | https://www.amazon.com/s?k=insulated+water+bottle"
India,,,Amazon,brand,Brand,availability,Amazon,https://www.amazon.com,platform_data_source,2026-06-30,"Marketplace URLs vary by country, for example amazon.co.jp or amazon.de. Bestseller pages are public but dynamic and category-specific; manual check required for exact local category. | Product price benchmarking; bestseller discovery; review mining; competitor and brand tracking | https://www.amazon.com/gp/bestsellers | https://www.amazon.com/s?k=insulated+water+bottle"
India,,,Amazon,product_url,Product URL,availability,Amazon,https://www.amazon.com,platform_data_source,2026-06-30,"Marketplace URLs vary by country, for example amazon.co.jp or amazon.de. Bestseller pages are public but dynamic and category-specific; manual check required for exact local category. | Product price benchmarking; bestseller discovery; review mining; competitor and brand tracking | https://www.amazon.com/gp/bestsellers | https://www.amazon.com/s?k=insulated+water+bottle"
India,,,Amazon,seller,Seller,availability,Amazon,https://www.amazon.com,platform_data_source,2026-06-30,"Marketplace URLs vary by country, for example amazon.co.jp or amazon.de. Bestseller pages are public but dynamic and category-specific; manual check required for exact local category. | Product price benchmarking; bestseller discovery; review mining; competitor and brand tracking | https://www.amazon.com/gp/bestsellers | https://www.amazon.com/s?k=insulated+water+bottle"
India,,,Amazon,shipping_info,Shipping Info,availability,Amazon,https://www.amazon.com,platform_data_source,2026-06-30,"Marketplace URLs vary by country, for example amazon.co.jp or amazon.de. Bestseller pages are public but dynamic and category-specific; manual check required for exact local category. | Product price benchmarking; bestseller discovery; review mining; competitor and brand tracking | https://www.amazon.com/gp/bestsellers | https://www.amazon.com/s?k=insulated+water+bottle"
India,,,Amazon,promotion,Promotion,availability,Amazon,https://www.amazon.com,platform_data_source,2026-06-30,"Marketplace URLs vary by country, for example amazon.co.jp or amazon.de. Bestseller pages are public but dynamic and category-specific; manual check required for exact local category. | Product price benchmarking; bestseller discovery; review mining; competitor and brand tracking | https://www.amazon.com/gp/bestsellers | https://www.amazon.com/s?k=insulated+water+bottle"
India,,,Amazon,availability,Availability,availability,Amazon,https://www.amazon.com,platform_data_source,2026-06-30,"Marketplace URLs vary by country, for example amazon.co.jp or amazon.de. Bestseller pages are public but dynamic and category-specific; manual check required for exact local category. | Product price benchmarking; bestseller discovery; review mining; competitor and brand tracking | https://www.amazon.com/gp/bestsellers | https://www.amazon.com/s?k=insulated+water+bottle"
Canada,,,Amazon,price,Price,availability,Amazon,https://www.amazon.com,platform_data_source,2026-06-30,"Marketplace URLs vary by country, for example amazon.co.jp or amazon.de. Bestseller pages are public but dynamic and category-specific; manual check required for exact local category. | Product price benchmarking; bestseller discovery; review mining; competitor and brand tracking | https://www.amazon.com/gp/bestsellers | https://www.amazon.com/s?k=insulated+water+bottle"
Canada,,,Amazon,rating,Rating,availability,Amazon,https://www.amazon.com,platform_data_source,2026-06-30,"Marketplace URLs vary by country, for example amazon.co.jp or amazon.de. Bestseller pages are public but dynamic and category-specific; manual check required for exact local category. | Product price benchmarking; bestseller discovery; review mining; competitor and brand tracking | https://www.amazon.com/gp/bestsellers | https://www.amazon.com/s?k=insulated+water+bottle"
Canada,,,Amazon,review_count,Review Count,availability,Amazon,https://www.amazon.com,platform_data_source,2026-06-30,"Marketplace URLs vary by country, for example amazon.co.jp or amazon.de. Bestseller pages are public but dynamic and category-specific; manual check required for exact local category. | Product price benchmarking; bestseller discovery; review mining; competitor and brand tracking | https://www.amazon.com/gp/bestsellers | https://www.amazon.com/s?k=insulated+water+bottle"
Canada,,,Amazon,sales_proxy,Sales Proxy,availability,Amazon,https://www.amazon.com,platform_data_source,2026-06-30,"Marketplace URLs vary by country, for example amazon.co.jp or amazon.de. Bestseller pages are public but dynamic and category-specific; manual check required for exact local category. | Product price benchmarking; bestseller discovery; review mining; competitor and brand tracking | https://www.amazon.com/gp/bestsellers | https://www.amazon.com/s?k=insulated+water+bottle"
Canada,,,Amazon,ranking,Ranking,availability,Amazon,https://www.amazon.com,platform_data_source,2026-06-30,"Marketplace URLs vary by country, for example amazon.co.jp or amazon.de. Bestseller pages are public but dynamic and category-specific; manual check required for exact local category. | Product price benchmarking; bestseller discovery; review mining; competitor and brand tracking | https://www.amazon.com/gp/bestsellers | https://www.amazon.com/s?k=insulated+water+bottle"
Canada,,,Amazon,brand,Brand,availability,Amazon,https://www.amazon.com,platform_data_source,2026-06-30,"Marketplace URLs vary by country, for example amazon.co.jp or amazon.de. Bestseller pages are public but dynamic and category-specific; manual check required for exact local category. | Product price benchmarking; bestseller discovery; review mining; competitor and brand tracking | https://www.amazon.com/gp/bestsellers | https://www.amazon.com/s?k=insulated+water+bottle"
Canada,,,Amazon,product_url,Product URL,availability,Amazon,https://www.amazon.com,platform_data_source,2026-06-30,"Marketplace URLs vary by country, for example amazon.co.jp or amazon.de. Bestseller pages are public but dynamic and category-specific; manual check required for exact local category. | Product price benchmarking; bestseller discovery; review mining; competitor and brand tracking | https://www.amazon.com/gp/bestsellers | https://www.amazon.com/s?k=insulated+water+bottle"
Canada,,,Amazon,seller,Seller,availability,Amazon,https://www.amazon.com,platform_data_source,2026-06-30,"Marketplace URLs vary by country, for example amazon.co.jp or amazon.de. Bestseller pages are public but dynamic and category-specific; manual check required for exact local category. | Product price benchmarking; bestseller discovery; review mining; competitor and brand tracking | https://www.amazon.com/gp/bestsellers | https://www.amazon.com/s?k=insulated+water+bottle"
Canada,,,Amazon,shipping_info,Shipping Info,availability,Amazon,https://www.amazon.com,platform_data_source,2026-06-30,"Marketplace URLs vary by country, for example amazon.co.jp or amazon.de. Bestseller pages are public but dynamic and category-specific; manual check required for exact local category. | Product price benchmarking; bestseller discovery; review mining; competitor and brand tracking | https://www.amazon.com/gp/bestsellers | https://www.amazon.com/s?k=insulated+water+bottle"
Canada,,,Amazon,promotion,Promotion,availability,Amazon,https://www.amazon.com,platform_data_source,2026-06-30,"Marketplace URLs vary by country, for example amazon.co.jp or amazon.de. Bestseller pages are public but dynamic and category-specific; manual check required for exact local category. | Product price benchmarking; bestseller discovery; review mining; competitor and brand tracking | https://www.amazon.com/gp/bestsellers | https://www.amazon.com/s?k=insulated+water+bottle"
Canada,,,Amazon,availability,Availability,availability,Amazon,https://www.amazon.com,platform_data_source,2026-06-30,"Marketplace URLs vary by country, for example amazon.co.jp or amazon.de. Bestseller pages are public but dynamic and category-specific; manual check required for exact local category. | Product price benchmarking; bestseller discovery; review mining; competitor and brand tracking | https://www.amazon.com/gp/bestsellers | https://www.amazon.com/s?k=insulated+water+bottle"
Australia,,,Amazon,price,Price,availability,Amazon,https://www.amazon.com,platform_data_source,2026-06-30,"Marketplace URLs vary by country, for example amazon.co.jp or amazon.de. Bestseller pages are public but dynamic and category-specific; manual check required for exact local category. | Product price benchmarking; bestseller discovery; review mining; competitor and brand tracking | https://www.amazon.com/gp/bestsellers | https://www.amazon.com/s?k=insulated+water+bottle"
Australia,,,Amazon,rating,Rating,availability,Amazon,https://www.amazon.com,platform_data_source,2026-06-30,"Marketplace URLs vary by country, for example amazon.co.jp or amazon.de. Bestseller pages are public but dynamic and category-specific; manual check required for exact local category. | Product price benchmarking; bestseller discovery; review mining; competitor and brand tracking | https://www.amazon.com/gp/bestsellers | https://www.amazon.com/s?k=insulated+water+bottle"
Australia,,,Amazon,review_count,Review Count,availability,Amazon,https://www.amazon.com,platform_data_source,2026-06-30,"Marketplace URLs vary by country, for example amazon.co.jp or amazon.de. Bestseller pages are public but dynamic and category-specific; manual check required for exact local category. | Product price benchmarking; bestseller discovery; review mining; competitor and brand tracking | https://www.amazon.com/gp/bestsellers | https://www.amazon.com/s?k=insulated+water+bottle"
Australia,,,Amazon,sales_proxy,Sales Proxy,availability,Amazon,https://www.amazon.com,platform_data_source,2026-06-30,"Marketplace URLs vary by country, for example amazon.co.jp or amazon.de. Bestseller pages are public but dynamic and category-specific; manual check required for exact local category. | Product price benchmarking; bestseller discovery; review mining; competitor and brand tracking | https://www.amazon.com/gp/bestsellers | https://www.amazon.com/s?k=insulated+water+bottle"
Australia,,,Amazon,ranking,Ranking,availability,Amazon,https://www.amazon.com,platform_data_source,2026-06-30,"Marketplace URLs vary by country, for example amazon.co.jp or amazon.de. Bestseller pages are public but dynamic and category-specific; manual check required for exact local category. | Product price benchmarking; bestseller discovery; review mining; competitor and brand tracking | https://www.amazon.com/gp/bestsellers | https://www.amazon.com/s?k=insulated+water+bottle"
Australia,,,Amazon,brand,Brand,availability,Amazon,https://www.amazon.com,platform_data_source,2026-06-30,"Marketplace URLs vary by country, for example amazon.co.jp or amazon.de. Bestseller pages are public but dynamic and category-specific; manual check required for exact local category. | Product price benchmarking; bestseller discovery; review mining; competitor and brand tracking | https://www.amazon.com/gp/bestsellers | https://www.amazon.com/s?k=insulated+water+bottle"
Australia,,,Amazon,product_url,Product URL,availability,Amazon,https://www.amazon.com,platform_data_source,2026-06-30,"Marketplace URLs vary by country, for example amazon.co.jp or amazon.de. Bestseller pages are public but dynamic and category-specific; manual check required for exact local category. | Product price benchmarking; bestseller discovery; review mining; competitor and brand tracking | https://www.amazon.com/gp/bestsellers | https://www.amazon.com/s?k=insulated+water+bottle"
Australia,,,Amazon,seller,Seller,availability,Amazon,https://www.amazon.com,platform_data_source,2026-06-30,"Marketplace URLs vary by country, for example amazon.co.jp or amazon.de. Bestseller pages are public but dynamic and category-specific; manual check required for exact local category. | Product price benchmarking; bestseller discovery; review mining; competitor and brand tracking | https://www.amazon.com/gp/bestsellers | https://www.amazon.com/s?k=insulated+water+bottle"
Australia,,,Amazon,shipping_info,Shipping Info,availability,Amazon,https://www.amazon.com,platform_data_source,2026-06-30,"Marketplace URLs vary by country, for example amazon.co.jp or amazon.de. Bestseller pages are public but dynamic and category-specific; manual check required for exact local category. | Product price benchmarking; bestseller discovery; review mining; competitor and brand tracking | https://www.amazon.com/gp/bestsellers | https://www.amazon.com/s?k=insulated+water+bottle"
Australia,,,Amazon,promotion,Promotion,availability,Amazon,https://www.amazon.com,platform_data_source,2026-06-30,"Marketplace URLs vary by country, for example amazon.co.jp or amazon.de. Bestseller pages are public but dynamic and category-specific; manual check required for exact local category. | Product price benchmarking; bestseller discovery; review mining; competitor and brand tracking | https://www.amazon.com/gp/bestsellers | https://www.amazon.com/s?k=insulated+water+bottle"
Australia,,,Amazon,availability,Availability,availability,Amazon,https://www.amazon.com,platform_data_source,2026-06-30,"Marketplace URLs vary by country, for example amazon.co.jp or amazon.de. Bestseller pages are public but dynamic and category-specific; manual check required for exact local category. | Product price benchmarking; bestseller discovery; review mining; competitor and brand tracking | https://www.amazon.com/gp/bestsellers | https://www.amazon.com/s?k=insulated+water+bottle"
United States,,,eBay,price,Price,availability,eBay,https://www.ebay.com,platform_data_source,2026-06-30,"No stable global public bestseller page found. Use search results, sold/completed listings where available, and official developer APIs when permitted. | New and used price discovery; seller competition; resale demand proxy; cross-border listing checks | https://www.ebay.com/sch/i.html?_nkw=insulated+water+bottle"
United States,,,eBay,rating,Rating,availability,eBay,https://www.ebay.com,platform_data_source,2026-06-30,"No stable global public bestseller page found. Use search results, sold/completed listings where available, and official developer APIs when permitted. | New and used price discovery; seller competition; resale demand proxy; cross-border listing checks | https://www.ebay.com/sch/i.html?_nkw=insulated+water+bottle"
United States,,,eBay,review_count,Review Count,availability,eBay,https://www.ebay.com,platform_data_source,2026-06-30,"No stable global public bestseller page found. Use search results, sold/completed listings where available, and official developer APIs when permitted. | New and used price discovery; seller competition; resale demand proxy; cross-border listing checks | https://www.ebay.com/sch/i.html?_nkw=insulated+water+bottle"
United States,,,eBay,sales_proxy,Sales Proxy,availability,eBay,https://www.ebay.com,platform_data_source,2026-06-30,"No stable global public bestseller page found. Use search results, sold/completed listings where available, and official developer APIs when permitted. | New and used price discovery; seller competition; resale demand proxy; cross-border listing checks | https://www.ebay.com/sch/i.html?_nkw=insulated+water+bottle"
United States,,,eBay,ranking,Ranking,availability,eBay,https://www.ebay.com,platform_data_source,2026-06-30,"No stable global public bestseller page found. Use search results, sold/completed listings where available, and official developer APIs when permitted. | New and used price discovery; seller competition; resale demand proxy; cross-border listing checks | https://www.ebay.com/sch/i.html?_nkw=insulated+water+bottle"
United States,,,eBay,brand,Brand,availability,eBay,https://www.ebay.com,platform_data_source,2026-06-30,"No stable global public bestseller page found. Use search results, sold/completed listings where available, and official developer APIs when permitted. | New and used price discovery; seller competition; resale demand proxy; cross-border listing checks | https://www.ebay.com/sch/i.html?_nkw=insulated+water+bottle"
United States,,,eBay,product_url,Product URL,availability,eBay,https://www.ebay.com,platform_data_source,2026-06-30,"No stable global public bestseller page found. Use search results, sold/completed listings where available, and official developer APIs when permitted. | New and used price discovery; seller competition; resale demand proxy; cross-border listing checks | https://www.ebay.com/sch/i.html?_nkw=insulated+water+bottle"
United States,,,eBay,seller,Seller,availability,eBay,https://www.ebay.com,platform_data_source,2026-06-30,"No stable global public bestseller page found. Use search results, sold/completed listings where available, and official developer APIs when permitted. | New and used price discovery; seller competition; resale demand proxy; cross-border listing checks | https://www.ebay.com/sch/i.html?_nkw=insulated+water+bottle"
United States,,,eBay,shipping_info,Shipping Info,availability,eBay,https://www.ebay.com,platform_data_source,2026-06-30,"No stable global public bestseller page found. Use search results, sold/completed listings where available, and official developer APIs when permitted. | New and used price discovery; seller competition; resale demand proxy; cross-border listing checks | https://www.ebay.com/sch/i.html?_nkw=insulated+water+bottle"
United States,,,eBay,promotion,Promotion,availability,eBay,https://www.ebay.com,platform_data_source,2026-06-30,"No stable global public bestseller page found. Use search results, sold/completed listings where available, and official developer APIs when permitted. | New and used price discovery; seller competition; resale demand proxy; cross-border listing checks | https://www.ebay.com/sch/i.html?_nkw=insulated+water+bottle"
United States,,,eBay,availability,Availability,availability,eBay,https://www.ebay.com,platform_data_source,2026-06-30,"No stable global public bestseller page found. Use search results, sold/completed listings where available, and official developer APIs when permitted. | New and used price discovery; seller competition; resale demand proxy; cross-border listing checks | https://www.ebay.com/sch/i.html?_nkw=insulated+water+bottle"
United Kingdom,,,eBay,price,Price,availability,eBay,https://www.ebay.com,platform_data_source,2026-06-30,"No stable global public bestseller page found. Use search results, sold/completed listings where available, and official developer APIs when permitted. | New and used price discovery; seller competition; resale demand proxy; cross-border listing checks | https://www.ebay.com/sch/i.html?_nkw=insulated+water+bottle"
United Kingdom,,,eBay,rating,Rating,availability,eBay,https://www.ebay.com,platform_data_source,2026-06-30,"No stable global public bestseller page found. Use search results, sold/completed listings where available, and official developer APIs when permitted. | New and used price discovery; seller competition; resale demand proxy; cross-border listing checks | https://www.ebay.com/sch/i.html?_nkw=insulated+water+bottle"
United Kingdom,,,eBay,review_count,Review Count,availability,eBay,https://www.ebay.com,platform_data_source,2026-06-30,"No stable global public bestseller page found. Use search results, sold/completed listings where available, and official developer APIs when permitted. | New and used price discovery; seller competition; resale demand proxy; cross-border listing checks | https://www.ebay.com/sch/i.html?_nkw=insulated+water+bottle"
United Kingdom,,,eBay,sales_proxy,Sales Proxy,availability,eBay,https://www.ebay.com,platform_data_source,2026-06-30,"No stable global public bestseller page found. Use search results, sold/completed listings where available, and official developer APIs when permitted. | New and used price discovery; seller competition; resale demand proxy; cross-border listing checks | https://www.ebay.com/sch/i.html?_nkw=insulated+water+bottle"
United Kingdom,,,eBay,ranking,Ranking,availability,eBay,https://www.ebay.com,platform_data_source,2026-06-30,"No stable global public bestseller page found. Use search results, sold/completed listings where available, and official developer APIs when permitted. | New and used price discovery; seller competition; resale demand proxy; cross-border listing checks | https://www.ebay.com/sch/i.html?_nkw=insulated+water+bottle"
United Kingdom,,,eBay,brand,Brand,availability,eBay,https://www.ebay.com,platform_data_source,2026-06-30,"No stable global public bestseller page found. Use search results, sold/completed listings where available, and official developer APIs when permitted. | New and used price discovery; seller competition; resale demand proxy; cross-border listing checks | https://www.ebay.com/sch/i.html?_nkw=insulated+water+bottle"
United Kingdom,,,eBay,product_url,Product URL,availability,eBay,https://www.ebay.com,platform_data_source,2026-06-30,"No stable global public bestseller page found. Use search results, sold/completed listings where available, and official developer APIs when permitted. | New and used price discovery; seller competition; resale demand proxy; cross-border listing checks | https://www.ebay.com/sch/i.html?_nkw=insulated+water+bottle"
United Kingdom,,,eBay,seller,Seller,availability,eBay,https://www.ebay.com,platform_data_source,2026-06-30,"No stable global public bestseller page found. Use search results, sold/completed listings where available, and official developer APIs when permitted. | New and used price discovery; seller competition; resale demand proxy; cross-border listing checks | https://www.ebay.com/sch/i.html?_nkw=insulated+water+bottle"
United Kingdom,,,eBay,shipping_info,Shipping Info,availability,eBay,https://www.ebay.com,platform_data_source,2026-06-30,"No stable global public bestseller page found. Use search results, sold/completed listings where available, and official developer APIs when permitted. | New and used price discovery; seller competition; resale demand proxy; cross-border listing checks | https://www.ebay.com/sch/i.html?_nkw=insulated+water+bottle"
United Kingdom,,,eBay,promotion,Promotion,availability,eBay,https://www.ebay.com,platform_data_source,2026-06-30,"No stable global public bestseller page found. Use search results, sold/completed listings where available, and official developer APIs when permitted. | New and used price discovery; seller competition; resale demand proxy; cross-border listing checks | https://www.ebay.com/sch/i.html?_nkw=insulated+water+bottle"
United Kingdom,,,eBay,availability,Availability,availability,eBay,https://www.ebay.com,platform_data_source,2026-06-30,"No stable global public bestseller page found. Use search results, sold/completed listings where available, and official developer APIs when permitted. | New and used price discovery; seller competition; resale demand proxy; cross-border listing checks | https://www.ebay.com/sch/i.html?_nkw=insulated+water+bottle"
Germany,,,eBay,price,Price,availability,eBay,https://www.ebay.com,platform_data_source,2026-06-30,"No stable global public bestseller page found. Use search results, sold/completed listings where available, and official developer APIs when permitted. | New and used price discovery; seller competition; resale demand proxy; cross-border listing checks | https://www.ebay.com/sch/i.html?_nkw=insulated+water+bottle"
Germany,,,eBay,rating,Rating,availability,eBay,https://www.ebay.com,platform_data_source,2026-06-30,"No stable global public bestseller page found. Use search results, sold/completed listings where available, and official developer APIs when permitted. | New and used price discovery; seller competition; resale demand proxy; cross-border listing checks | https://www.ebay.com/sch/i.html?_nkw=insulated+water+bottle"
Germany,,,eBay,review_count,Review Count,availability,eBay,https://www.ebay.com,platform_data_source,2026-06-30,"No stable global public bestseller page found. Use search results, sold/completed listings where available, and official developer APIs when permitted. | New and used price discovery; seller competition; resale demand proxy; cross-border listing checks | https://www.ebay.com/sch/i.html?_nkw=insulated+water+bottle"
Germany,,,eBay,sales_proxy,Sales Proxy,availability,eBay,https://www.ebay.com,platform_data_source,2026-06-30,"No stable global public bestseller page found. Use search results, sold/completed listings where available, and official developer APIs when permitted. | New and used price discovery; seller competition; resale demand proxy; cross-border listing checks | https://www.ebay.com/sch/i.html?_nkw=insulated+water+bottle"
Germany,,,eBay,ranking,Ranking,availability,eBay,https://www.ebay.com,platform_data_source,2026-06-30,"No stable global public bestseller page found. Use search results, sold/completed listings where available, and official developer APIs when permitted. | New and used price discovery; seller competition; resale demand proxy; cross-border listing checks | https://www.ebay.com/sch/i.html?_nkw=insulated+water+bottle"
Germany,,,eBay,brand,Brand,availability,eBay,https://www.ebay.com,platform_data_source,2026-06-30,"No stable global public bestseller page found. Use search results, sold/completed listings where available, and official developer APIs when permitted. | New and used price discovery; seller competition; resale demand proxy; cross-border listing checks | https://www.ebay.com/sch/i.html?_nkw=insulated+water+bottle"
Germany,,,eBay,product_url,Product URL,availability,eBay,https://www.ebay.com,platform_data_source,2026-06-30,"No stable global public bestseller page found. Use search results, sold/completed listings where available, and official developer APIs when permitted. | New and used price discovery; seller competition; resale demand proxy; cross-border listing checks | https://www.ebay.com/sch/i.html?_nkw=insulated+water+bottle"
Germany,,,eBay,seller,Seller,availability,eBay,https://www.ebay.com,platform_data_source,2026-06-30,"No stable global public bestseller page found. Use search results, sold/completed listings where available, and official developer APIs when permitted. | New and used price discovery; seller competition; resale demand proxy; cross-border listing checks | https://www.ebay.com/sch/i.html?_nkw=insulated+water+bottle"
Germany,,,eBay,shipping_info,Shipping Info,availability,eBay,https://www.ebay.com,platform_data_source,2026-06-30,"No stable global public bestseller page found. Use search results, sold/completed listings where available, and official developer APIs when permitted. | New and used price discovery; seller competition; resale demand proxy; cross-border listing checks | https://www.ebay.com/sch/i.html?_nkw=insulated+water+bottle"
Germany,,,eBay,promotion,Promotion,availability,eBay,https://www.ebay.com,platform_data_source,2026-06-30,"No stable global public bestseller page found. Use search results, sold/completed listings where available, and official developer APIs when permitted. | New and used price discovery; seller competition; resale demand proxy; cross-border listing checks | https://www.ebay.com/sch/i.html?_nkw=insulated+water+bottle"
Germany,,,eBay,availability,Availability,availability,eBay,https://www.ebay.com,platform_data_source,2026-06-30,"No stable global public bestseller page found. Use search results, sold/completed listings where available, and official developer APIs when permitted. | New and used price discovery; seller competition; resale demand proxy; cross-border listing checks | https://www.ebay.com/sch/i.html?_nkw=insulated+water+bottle"
Australia,,,eBay,price,Price,availability,eBay,https://www.ebay.com,platform_data_source,2026-06-30,"No stable global public bestseller page found. Use search results, sold/completed listings where available, and official developer APIs when permitted. | New and used price discovery; seller competition; resale demand proxy; cross-border listing checks | https://www.ebay.com/sch/i.html?_nkw=insulated+water+bottle"
Australia,,,eBay,rating,Rating,availability,eBay,https://www.ebay.com,platform_data_source,2026-06-30,"No stable global public bestseller page found. Use search results, sold/completed listings where available, and official developer APIs when permitted. | New and used price discovery; seller competition; resale demand proxy; cross-border listing checks | https://www.ebay.com/sch/i.html?_nkw=insulated+water+bottle"
Australia,,,eBay,review_count,Review Count,availability,eBay,https://www.ebay.com,platform_data_source,2026-06-30,"No stable global public bestseller page found. Use search results, sold/completed listings where available, and official developer APIs when permitted. | New and used price discovery; seller competition; resale demand proxy; cross-border listing checks | https://www.ebay.com/sch/i.html?_nkw=insulated+water+bottle"
Australia,,,eBay,sales_proxy,Sales Proxy,availability,eBay,https://www.ebay.com,platform_data_source,2026-06-30,"No stable global public bestseller page found. Use search results, sold/completed listings where available, and official developer APIs when permitted. | New and used price discovery; seller competition; resale demand proxy; cross-border listing checks | https://www.ebay.com/sch/i.html?_nkw=insulated+water+bottle"
Australia,,,eBay,ranking,Ranking,availability,eBay,https://www.ebay.com,platform_data_source,2026-06-30,"No stable global public bestseller page found. Use search results, sold/completed listings where available, and official developer APIs when permitted. | New and used price discovery; seller competition; resale demand proxy; cross-border listing checks | https://www.ebay.com/sch/i.html?_nkw=insulated+water+bottle"
Australia,,,eBay,brand,Brand,availability,eBay,https://www.ebay.com,platform_data_source,2026-06-30,"No stable global public bestseller page found. Use search results, sold/completed listings where available, and official developer APIs when permitted. | New and used price discovery; seller competition; resale demand proxy; cross-border listing checks | https://www.ebay.com/sch/i.html?_nkw=insulated+water+bottle"
Australia,,,eBay,product_url,Product URL,availability,eBay,https://www.ebay.com,platform_data_source,2026-06-30,"No stable global public bestseller page found. Use search results, sold/completed listings where available, and official developer APIs when permitted. | New and used price discovery; seller competition; resale demand proxy; cross-border listing checks | https://www.ebay.com/sch/i.html?_nkw=insulated+water+bottle"
Australia,,,eBay,seller,Seller,availability,eBay,https://www.ebay.com,platform_data_source,2026-06-30,"No stable global public bestseller page found. Use search results, sold/completed listings where available, and official developer APIs when permitted. | New and used price discovery; seller competition; resale demand proxy; cross-border listing checks | https://www.ebay.com/sch/i.html?_nkw=insulated+water+bottle"
Australia,,,eBay,shipping_info,Shipping Info,availability,eBay,https://www.ebay.com,platform_data_source,2026-06-30,"No stable global public bestseller page found. Use search results, sold/completed listings where available, and official developer APIs when permitted. | New and used price discovery; seller competition; resale demand proxy; cross-border listing checks | https://www.ebay.com/sch/i.html?_nkw=insulated+water+bottle"
Australia,,,eBay,promotion,Promotion,availability,eBay,https://www.ebay.com,platform_data_source,2026-06-30,"No stable global public bestseller page found. Use search results, sold/completed listings where available, and official developer APIs when permitted. | New and used price discovery; seller competition; resale demand proxy; cross-border listing checks | https://www.ebay.com/sch/i.html?_nkw=insulated+water+bottle"
Australia,,,eBay,availability,Availability,availability,eBay,https://www.ebay.com,platform_data_source,2026-06-30,"No stable global public bestseller page found. Use search results, sold/completed listings where available, and official developer APIs when permitted. | New and used price discovery; seller competition; resale demand proxy; cross-border listing checks | https://www.ebay.com/sch/i.html?_nkw=insulated+water+bottle"
Canada,,,eBay,price,Price,availability,eBay,https://www.ebay.com,platform_data_source,2026-06-30,"No stable global public bestseller page found. Use search results, sold/completed listings where available, and official developer APIs when permitted. | New and used price discovery; seller competition; resale demand proxy; cross-border listing checks | https://www.ebay.com/sch/i.html?_nkw=insulated+water+bottle"
Canada,,,eBay,rating,Rating,availability,eBay,https://www.ebay.com,platform_data_source,2026-06-30,"No stable global public bestseller page found. Use search results, sold/completed listings where available, and official developer APIs when permitted. | New and used price discovery; seller competition; resale demand proxy; cross-border listing checks | https://www.ebay.com/sch/i.html?_nkw=insulated+water+bottle"
Canada,,,eBay,review_count,Review Count,availability,eBay,https://www.ebay.com,platform_data_source,2026-06-30,"No stable global public bestseller page found. Use search results, sold/completed listings where available, and official developer APIs when permitted. | New and used price discovery; seller competition; resale demand proxy; cross-border listing checks | https://www.ebay.com/sch/i.html?_nkw=insulated+water+bottle"
Canada,,,eBay,sales_proxy,Sales Proxy,availability,eBay,https://www.ebay.com,platform_data_source,2026-06-30,"No stable global public bestseller page found. Use search results, sold/completed listings where available, and official developer APIs when permitted. | New and used price discovery; seller competition; resale demand proxy; cross-border listing checks | https://www.ebay.com/sch/i.html?_nkw=insulated+water+bottle"
Canada,,,eBay,ranking,Ranking,availability,eBay,https://www.ebay.com,platform_data_source,2026-06-30,"No stable global public bestseller page found. Use search results, sold/completed listings where available, and official developer APIs when permitted. | New and used price discovery; seller competition; resale demand proxy; cross-border listing checks | https://www.ebay.com/sch/i.html?_nkw=insulated+water+bottle"
Canada,,,eBay,brand,Brand,availability,eBay,https://www.ebay.com,platform_data_source,2026-06-30,"No stable global public bestseller page found. Use search results, sold/completed listings where available, and official developer APIs when permitted. | New and used price discovery; seller competition; resale demand proxy; cross-border listing checks | https://www.ebay.com/sch/i.html?_nkw=insulated+water+bottle"
Canada,,,eBay,product_url,Product URL,availability,eBay,https://www.ebay.com,platform_data_source,2026-06-30,"No stable global public bestseller page found. Use search results, sold/completed listings where available, and official developer APIs when permitted. | New and used price discovery; seller competition; resale demand proxy; cross-border listing checks | https://www.ebay.com/sch/i.html?_nkw=insulated+water+bottle"
Canada,,,eBay,seller,Seller,availability,eBay,https://www.ebay.com,platform_data_source,2026-06-30,"No stable global public bestseller page found. Use search results, sold/completed listings where available, and official developer APIs when permitted. | New and used price discovery; seller competition; resale demand proxy; cross-border listing checks | https://www.ebay.com/sch/i.html?_nkw=insulated+water+bottle"
Canada,,,eBay,shipping_info,Shipping Info,availability,eBay,https://www.ebay.com,platform_data_source,2026-06-30,"No stable global public bestseller page found. Use search results, sold/completed listings where available, and official developer APIs when permitted. | New and used price discovery; seller competition; resale demand proxy; cross-border listing checks | https://www.ebay.com/sch/i.html?_nkw=insulated+water+bottle"
Canada,,,eBay,promotion,Promotion,availability,eBay,https://www.ebay.com,platform_data_source,2026-06-30,"No stable global public bestseller page found. Use search results, sold/completed listings where available, and official developer APIs when permitted. | New and used price discovery; seller competition; resale demand proxy; cross-border listing checks | https://www.ebay.com/sch/i.html?_nkw=insulated+water+bottle"
Canada,,,eBay,availability,Availability,availability,eBay,https://www.ebay.com,platform_data_source,2026-06-30,"No stable global public bestseller page found. Use search results, sold/completed listings where available, and official developer APIs when permitted. | New and used price discovery; seller competition; resale demand proxy; cross-border listing checks | https://www.ebay.com/sch/i.html?_nkw=insulated+water+bottle"
Singapore,,,Shopee,price,Price,availability,Shopee,https://shopee.com,platform_data_source,2026-06-30,"Shopee is country-site based, such as shopee.sg and shopee.co.id. Public ranking access varies by market and often needs manual category navigation. | SEA ecommerce checks; local seller pricing; campaign/promotion monitoring; review and rating signals | https://shopee.sg/search?keyword=insulated%20water%20bottle"
Singapore,,,Shopee,rating,Rating,availability,Shopee,https://shopee.com,platform_data_source,2026-06-30,"Shopee is country-site based, such as shopee.sg and shopee.co.id. Public ranking access varies by market and often needs manual category navigation. | SEA ecommerce checks; local seller pricing; campaign/promotion monitoring; review and rating signals | https://shopee.sg/search?keyword=insulated%20water%20bottle"
Singapore,,,Shopee,review_count,Review Count,availability,Shopee,https://shopee.com,platform_data_source,2026-06-30,"Shopee is country-site based, such as shopee.sg and shopee.co.id. Public ranking access varies by market and often needs manual category navigation. | SEA ecommerce checks; local seller pricing; campaign/promotion monitoring; review and rating signals | https://shopee.sg/search?keyword=insulated%20water%20bottle"
Singapore,,,Shopee,sales_proxy,Sales Proxy,availability,Shopee,https://shopee.com,platform_data_source,2026-06-30,"Shopee is country-site based, such as shopee.sg and shopee.co.id. Public ranking access varies by market and often needs manual category navigation. | SEA ecommerce checks; local seller pricing; campaign/promotion monitoring; review and rating signals | https://shopee.sg/search?keyword=insulated%20water%20bottle"
Singapore,,,Shopee,ranking,Ranking,availability,Shopee,https://shopee.com,platform_data_source,2026-06-30,"Shopee is country-site based, such as shopee.sg and shopee.co.id. Public ranking access varies by market and often needs manual category navigation. | SEA ecommerce checks; local seller pricing; campaign/promotion monitoring; review and rating signals | https://shopee.sg/search?keyword=insulated%20water%20bottle"
Singapore,,,Shopee,brand,Brand,availability,Shopee,https://shopee.com,platform_data_source,2026-06-30,"Shopee is country-site based, such as shopee.sg and shopee.co.id. Public ranking access varies by market and often needs manual category navigation. | SEA ecommerce checks; local seller pricing; campaign/promotion monitoring; review and rating signals | https://shopee.sg/search?keyword=insulated%20water%20bottle"
Singapore,,,Shopee,product_url,Product URL,availability,Shopee,https://shopee.com,platform_data_source,2026-06-30,"Shopee is country-site based, such as shopee.sg and shopee.co.id. Public ranking access varies by market and often needs manual category navigation. | SEA ecommerce checks; local seller pricing; campaign/promotion monitoring; review and rating signals | https://shopee.sg/search?keyword=insulated%20water%20bottle"
Singapore,,,Shopee,seller,Seller,availability,Shopee,https://shopee.com,platform_data_source,2026-06-30,"Shopee is country-site based, such as shopee.sg and shopee.co.id. Public ranking access varies by market and often needs manual category navigation. | SEA ecommerce checks; local seller pricing; campaign/promotion monitoring; review and rating signals | https://shopee.sg/search?keyword=insulated%20water%20bottle"
Singapore,,,Shopee,shipping_info,Shipping Info,availability,Shopee,https://shopee.com,platform_data_source,2026-06-30,"Shopee is country-site based, such as shopee.sg and shopee.co.id. Public ranking access varies by market and often needs manual category navigation. | SEA ecommerce checks; local seller pricing; campaign/promotion monitoring; review and rating signals | https://shopee.sg/search?keyword=insulated%20water%20bottle"
Singapore,,,Shopee,promotion,Promotion,availability,Shopee,https://shopee.com,platform_data_source,2026-06-30,"Shopee is country-site based, such as shopee.sg and shopee.co.id. Public ranking access varies by market and often needs manual category navigation. | SEA ecommerce checks; local seller pricing; campaign/promotion monitoring; review and rating signals | https://shopee.sg/search?keyword=insulated%20water%20bottle"
Singapore,,,Shopee,availability,Availability,availability,Shopee,https://shopee.com,platform_data_source,2026-06-30,"Shopee is country-site based, such as shopee.sg and shopee.co.id. Public ranking access varies by market and often needs manual category navigation. | SEA ecommerce checks; local seller pricing; campaign/promotion monitoring; review and rating signals | https://shopee.sg/search?keyword=insulated%20water%20bottle"
Malaysia,,,Shopee,price,Price,availability,Shopee,https://shopee.com,platform_data_source,2026-06-30,"Shopee is country-site based, such as shopee.sg and shopee.co.id. Public ranking access varies by market and often needs manual category navigation. | SEA ecommerce checks; local seller pricing; campaign/promotion monitoring; review and rating signals | https://shopee.sg/search?keyword=insulated%20water%20bottle"
Malaysia,,,Shopee,rating,Rating,availability,Shopee,https://shopee.com,platform_data_source,2026-06-30,"Shopee is country-site based, such as shopee.sg and shopee.co.id. Public ranking access varies by market and often needs manual category navigation. | SEA ecommerce checks; local seller pricing; campaign/promotion monitoring; review and rating signals | https://shopee.sg/search?keyword=insulated%20water%20bottle"
Malaysia,,,Shopee,review_count,Review Count,availability,Shopee,https://shopee.com,platform_data_source,2026-06-30,"Shopee is country-site based, such as shopee.sg and shopee.co.id. Public ranking access varies by market and often needs manual category navigation. | SEA ecommerce checks; local seller pricing; campaign/promotion monitoring; review and rating signals | https://shopee.sg/search?keyword=insulated%20water%20bottle"
Malaysia,,,Shopee,sales_proxy,Sales Proxy,availability,Shopee,https://shopee.com,platform_data_source,2026-06-30,"Shopee is country-site based, such as shopee.sg and shopee.co.id. Public ranking access varies by market and often needs manual category navigation. | SEA ecommerce checks; local seller pricing; campaign/promotion monitoring; review and rating signals | https://shopee.sg/search?keyword=insulated%20water%20bottle"
Malaysia,,,Shopee,ranking,Ranking,availability,Shopee,https://shopee.com,platform_data_source,2026-06-30,"Shopee is country-site based, such as shopee.sg and shopee.co.id. Public ranking access varies by market and often needs manual category navigation. | SEA ecommerce checks; local seller pricing; campaign/promotion monitoring; review and rating signals | https://shopee.sg/search?keyword=insulated%20water%20bottle"
Malaysia,,,Shopee,brand,Brand,availability,Shopee,https://shopee.com,platform_data_source,2026-06-30,"Shopee is country-site based, such as shopee.sg and shopee.co.id. Public ranking access varies by market and often needs manual category navigation. | SEA ecommerce checks; local seller pricing; campaign/promotion monitoring; review and rating signals | https://shopee.sg/search?keyword=insulated%20water%20bottle"
Malaysia,,,Shopee,product_url,Product URL,availability,Shopee,https://shopee.com,platform_data_source,2026-06-30,"Shopee is country-site based, such as shopee.sg and shopee.co.id. Public ranking access varies by market and often needs manual category navigation. | SEA ecommerce checks; local seller pricing; campaign/promotion monitoring; review and rating signals | https://shopee.sg/search?keyword=insulated%20water%20bottle"
Malaysia,,,Shopee,seller,Seller,availability,Shopee,https://shopee.com,platform_data_source,2026-06-30,"Shopee is country-site based, such as shopee.sg and shopee.co.id. Public ranking access varies by market and often needs manual category navigation. | SEA ecommerce checks; local seller pricing; campaign/promotion monitoring; review and rating signals | https://shopee.sg/search?keyword=insulated%20water%20bottle"
Malaysia,,,Shopee,shipping_info,Shipping Info,availability,Shopee,https://shopee.com,platform_data_source,2026-06-30,"Shopee is country-site based, such as shopee.sg and shopee.co.id. Public ranking access varies by market and often needs manual category navigation. | SEA ecommerce checks; local seller pricing; campaign/promotion monitoring; review and rating signals | https://shopee.sg/search?keyword=insulated%20water%20bottle"
Malaysia,,,Shopee,promotion,Promotion,availability,Shopee,https://shopee.com,platform_data_source,2026-06-30,"Shopee is country-site based, such as shopee.sg and shopee.co.id. Public ranking access varies by market and often needs manual category navigation. | SEA ecommerce checks; local seller pricing; campaign/promotion monitoring; review and rating signals | https://shopee.sg/search?keyword=insulated%20water%20bottle"
Malaysia,,,Shopee,availability,Availability,availability,Shopee,https://shopee.com,platform_data_source,2026-06-30,"Shopee is country-site based, such as shopee.sg and shopee.co.id. Public ranking access varies by market and often needs manual category navigation. | SEA ecommerce checks; local seller pricing; campaign/promotion monitoring; review and rating signals | https://shopee.sg/search?keyword=insulated%20water%20bottle"
Thailand,,,Shopee,price,Price,availability,Shopee,https://shopee.com,platform_data_source,2026-06-30,"Shopee is country-site based, such as shopee.sg and shopee.co.id. Public ranking access varies by market and often needs manual category navigation. | SEA ecommerce checks; local seller pricing; campaign/promotion monitoring; review and rating signals | https://shopee.sg/search?keyword=insulated%20water%20bottle"
Thailand,,,Shopee,rating,Rating,availability,Shopee,https://shopee.com,platform_data_source,2026-06-30,"Shopee is country-site based, such as shopee.sg and shopee.co.id. Public ranking access varies by market and often needs manual category navigation. | SEA ecommerce checks; local seller pricing; campaign/promotion monitoring; review and rating signals | https://shopee.sg/search?keyword=insulated%20water%20bottle"
Thailand,,,Shopee,review_count,Review Count,availability,Shopee,https://shopee.com,platform_data_source,2026-06-30,"Shopee is country-site based, such as shopee.sg and shopee.co.id. Public ranking access varies by market and often needs manual category navigation. | SEA ecommerce checks; local seller pricing; campaign/promotion monitoring; review and rating signals | https://shopee.sg/search?keyword=insulated%20water%20bottle"
Thailand,,,Shopee,sales_proxy,Sales Proxy,availability,Shopee,https://shopee.com,platform_data_source,2026-06-30,"Shopee is country-site based, such as shopee.sg and shopee.co.id. Public ranking access varies by market and often needs manual category navigation. | SEA ecommerce checks; local seller pricing; campaign/promotion monitoring; review and rating signals | https://shopee.sg/search?keyword=insulated%20water%20bottle"
Thailand,,,Shopee,ranking,Ranking,availability,Shopee,https://shopee.com,platform_data_source,2026-06-30,"Shopee is country-site based, such as shopee.sg and shopee.co.id. Public ranking access varies by market and often needs manual category navigation. | SEA ecommerce checks; local seller pricing; campaign/promotion monitoring; review and rating signals | https://shopee.sg/search?keyword=insulated%20water%20bottle"
Thailand,,,Shopee,brand,Brand,availability,Shopee,https://shopee.com,platform_data_source,2026-06-30,"Shopee is country-site based, such as shopee.sg and shopee.co.id. Public ranking access varies by market and often needs manual category navigation. | SEA ecommerce checks; local seller pricing; campaign/promotion monitoring; review and rating signals | https://shopee.sg/search?keyword=insulated%20water%20bottle"
Thailand,,,Shopee,product_url,Product URL,availability,Shopee,https://shopee.com,platform_data_source,2026-06-30,"Shopee is country-site based, such as shopee.sg and shopee.co.id. Public ranking access varies by market and often needs manual category navigation. | SEA ecommerce checks; local seller pricing; campaign/promotion monitoring; review and rating signals | https://shopee.sg/search?keyword=insulated%20water%20bottle"
Thailand,,,Shopee,seller,Seller,availability,Shopee,https://shopee.com,platform_data_source,2026-06-30,"Shopee is country-site based, such as shopee.sg and shopee.co.id. Public ranking access varies by market and often needs manual category navigation. | SEA ecommerce checks; local seller pricing; campaign/promotion monitoring; review and rating signals | https://shopee.sg/search?keyword=insulated%20water%20bottle"
Thailand,,,Shopee,shipping_info,Shipping Info,availability,Shopee,https://shopee.com,platform_data_source,2026-06-30,"Shopee is country-site based, such as shopee.sg and shopee.co.id. Public ranking access varies by market and often needs manual category navigation. | SEA ecommerce checks; local seller pricing; campaign/promotion monitoring; review and rating signals | https://shopee.sg/search?keyword=insulated%20water%20bottle"
Thailand,,,Shopee,promotion,Promotion,availability,Shopee,https://shopee.com,platform_data_source,2026-06-30,"Shopee is country-site based, such as shopee.sg and shopee.co.id. Public ranking access varies by market and often needs manual category navigation. | SEA ecommerce checks; local seller pricing; campaign/promotion monitoring; review and rating signals | https://shopee.sg/search?keyword=insulated%20water%20bottle"
Thailand,,,Shopee,availability,Availability,availability,Shopee,https://shopee.com,platform_data_source,2026-06-30,"Shopee is country-site based, such as shopee.sg and shopee.co.id. Public ranking access varies by market and often needs manual category navigation. | SEA ecommerce checks; local seller pricing; campaign/promotion monitoring; review and rating signals | https://shopee.sg/search?keyword=insulated%20water%20bottle"
Indonesia,,,Shopee,price,Price,availability,Shopee,https://shopee.com,platform_data_source,2026-06-30,"Shopee is country-site based, such as shopee.sg and shopee.co.id. Public ranking access varies by market and often needs manual category navigation. | SEA ecommerce checks; local seller pricing; campaign/promotion monitoring; review and rating signals | https://shopee.sg/search?keyword=insulated%20water%20bottle"
Indonesia,,,Shopee,rating,Rating,availability,Shopee,https://shopee.com,platform_data_source,2026-06-30,"Shopee is country-site based, such as shopee.sg and shopee.co.id. Public ranking access varies by market and often needs manual category navigation. | SEA ecommerce checks; local seller pricing; campaign/promotion monitoring; review and rating signals | https://shopee.sg/search?keyword=insulated%20water%20bottle"
Indonesia,,,Shopee,review_count,Review Count,availability,Shopee,https://shopee.com,platform_data_source,2026-06-30,"Shopee is country-site based, such as shopee.sg and shopee.co.id. Public ranking access varies by market and often needs manual category navigation. | SEA ecommerce checks; local seller pricing; campaign/promotion monitoring; review and rating signals | https://shopee.sg/search?keyword=insulated%20water%20bottle"
Indonesia,,,Shopee,sales_proxy,Sales Proxy,availability,Shopee,https://shopee.com,platform_data_source,2026-06-30,"Shopee is country-site based, such as shopee.sg and shopee.co.id. Public ranking access varies by market and often needs manual category navigation. | SEA ecommerce checks; local seller pricing; campaign/promotion monitoring; review and rating signals | https://shopee.sg/search?keyword=insulated%20water%20bottle"
Indonesia,,,Shopee,ranking,Ranking,availability,Shopee,https://shopee.com,platform_data_source,2026-06-30,"Shopee is country-site based, such as shopee.sg and shopee.co.id. Public ranking access varies by market and often needs manual category navigation. | SEA ecommerce checks; local seller pricing; campaign/promotion monitoring; review and rating signals | https://shopee.sg/search?keyword=insulated%20water%20bottle"
Indonesia,,,Shopee,brand,Brand,availability,Shopee,https://shopee.com,platform_data_source,2026-06-30,"Shopee is country-site based, such as shopee.sg and shopee.co.id. Public ranking access varies by market and often needs manual category navigation. | SEA ecommerce checks; local seller pricing; campaign/promotion monitoring; review and rating signals | https://shopee.sg/search?keyword=insulated%20water%20bottle"
Indonesia,,,Shopee,product_url,Product URL,availability,Shopee,https://shopee.com,platform_data_source,2026-06-30,"Shopee is country-site based, such as shopee.sg and shopee.co.id. Public ranking access varies by market and often needs manual category navigation. | SEA ecommerce checks; local seller pricing; campaign/promotion monitoring; review and rating signals | https://shopee.sg/search?keyword=insulated%20water%20bottle"
Indonesia,,,Shopee,seller,Seller,availability,Shopee,https://shopee.com,platform_data_source,2026-06-30,"Shopee is country-site based, such as shopee.sg and shopee.co.id. Public ranking access varies by market and often needs manual category navigation. | SEA ecommerce checks; local seller pricing; campaign/promotion monitoring; review and rating signals | https://shopee.sg/search?keyword=insulated%20water%20bottle"
Indonesia,,,Shopee,shipping_info,Shipping Info,availability,Shopee,https://shopee.com,platform_data_source,2026-06-30,"Shopee is country-site based, such as shopee.sg and shopee.co.id. Public ranking access varies by market and often needs manual category navigation. | SEA ecommerce checks; local seller pricing; campaign/promotion monitoring; review and rating signals | https://shopee.sg/search?keyword=insulated%20water%20bottle"
Indonesia,,,Shopee,promotion,Promotion,availability,Shopee,https://shopee.com,platform_data_source,2026-06-30,"Shopee is country-site based, such as shopee.sg and shopee.co.id. Public ranking access varies by market and often needs manual category navigation. | SEA ecommerce checks; local seller pricing; campaign/promotion monitoring; review and rating signals | https://shopee.sg/search?keyword=insulated%20water%20bottle"
Indonesia,,,Shopee,availability,Availability,availability,Shopee,https://shopee.com,platform_data_source,2026-06-30,"Shopee is country-site based, such as shopee.sg and shopee.co.id. Public ranking access varies by market and often needs manual category navigation. | SEA ecommerce checks; local seller pricing; campaign/promotion monitoring; review and rating signals | https://shopee.sg/search?keyword=insulated%20water%20bottle"
Vietnam,,,Shopee,price,Price,availability,Shopee,https://shopee.com,platform_data_source,2026-06-30,"Shopee is country-site based, such as shopee.sg and shopee.co.id. Public ranking access varies by market and often needs manual category navigation. | SEA ecommerce checks; local seller pricing; campaign/promotion monitoring; review and rating signals | https://shopee.sg/search?keyword=insulated%20water%20bottle"
Vietnam,,,Shopee,rating,Rating,availability,Shopee,https://shopee.com,platform_data_source,2026-06-30,"Shopee is country-site based, such as shopee.sg and shopee.co.id. Public ranking access varies by market and often needs manual category navigation. | SEA ecommerce checks; local seller pricing; campaign/promotion monitoring; review and rating signals | https://shopee.sg/search?keyword=insulated%20water%20bottle"
Vietnam,,,Shopee,review_count,Review Count,availability,Shopee,https://shopee.com,platform_data_source,2026-06-30,"Shopee is country-site based, such as shopee.sg and shopee.co.id. Public ranking access varies by market and often needs manual category navigation. | SEA ecommerce checks; local seller pricing; campaign/promotion monitoring; review and rating signals | https://shopee.sg/search?keyword=insulated%20water%20bottle"
Vietnam,,,Shopee,sales_proxy,Sales Proxy,availability,Shopee,https://shopee.com,platform_data_source,2026-06-30,"Shopee is country-site based, such as shopee.sg and shopee.co.id. Public ranking access varies by market and often needs manual category navigation. | SEA ecommerce checks; local seller pricing; campaign/promotion monitoring; review and rating signals | https://shopee.sg/search?keyword=insulated%20water%20bottle"
Vietnam,,,Shopee,ranking,Ranking,availability,Shopee,https://shopee.com,platform_data_source,2026-06-30,"Shopee is country-site based, such as shopee.sg and shopee.co.id. Public ranking access varies by market and often needs manual category navigation. | SEA ecommerce checks; local seller pricing; campaign/promotion monitoring; review and rating signals | https://shopee.sg/search?keyword=insulated%20water%20bottle"
Vietnam,,,Shopee,brand,Brand,availability,Shopee,https://shopee.com,platform_data_source,2026-06-30,"Shopee is country-site based, such as shopee.sg and shopee.co.id. Public ranking access varies by market and often needs manual category navigation. | SEA ecommerce checks; local seller pricing; campaign/promotion monitoring; review and rating signals | https://shopee.sg/search?keyword=insulated%20water%20bottle"
Vietnam,,,Shopee,product_url,Product URL,availability,Shopee,https://shopee.com,platform_data_source,2026-06-30,"Shopee is country-site based, such as shopee.sg and shopee.co.id. Public ranking access varies by market and often needs manual category navigation. | SEA ecommerce checks; local seller pricing; campaign/promotion monitoring; review and rating signals | https://shopee.sg/search?keyword=insulated%20water%20bottle"
Vietnam,,,Shopee,seller,Seller,availability,Shopee,https://shopee.com,platform_data_source,2026-06-30,"Shopee is country-site based, such as shopee.sg and shopee.co.id. Public ranking access varies by market and often needs manual category navigation. | SEA ecommerce checks; local seller pricing; campaign/promotion monitoring; review and rating signals | https://shopee.sg/search?keyword=insulated%20water%20bottle"
Vietnam,,,Shopee,shipping_info,Shipping Info,availability,Shopee,https://shopee.com,platform_data_source,2026-06-30,"Shopee is country-site based, such as shopee.sg and shopee.co.id. Public ranking access varies by market and often needs manual category navigation. | SEA ecommerce checks; local seller pricing; campaign/promotion monitoring; review and rating signals | https://shopee.sg/search?keyword=insulated%20water%20bottle"
Vietnam,,,Shopee,promotion,Promotion,availability,Shopee,https://shopee.com,platform_data_source,2026-06-30,"Shopee is country-site based, such as shopee.sg and shopee.co.id. Public ranking access varies by market and often needs manual category navigation. | SEA ecommerce checks; local seller pricing; campaign/promotion monitoring; review and rating signals | https://shopee.sg/search?keyword=insulated%20water%20bottle"
Vietnam,,,Shopee,availability,Availability,availability,Shopee,https://shopee.com,platform_data_source,2026-06-30,"Shopee is country-site based, such as shopee.sg and shopee.co.id. Public ranking access varies by market and often needs manual category navigation. | SEA ecommerce checks; local seller pricing; campaign/promotion monitoring; review and rating signals | https://shopee.sg/search?keyword=insulated%20water%20bottle"
Philippines,,,Shopee,price,Price,availability,Shopee,https://shopee.com,platform_data_source,2026-06-30,"Shopee is country-site based, such as shopee.sg and shopee.co.id. Public ranking access varies by market and often needs manual category navigation. | SEA ecommerce checks; local seller pricing; campaign/promotion monitoring; review and rating signals | https://shopee.sg/search?keyword=insulated%20water%20bottle"
Philippines,,,Shopee,rating,Rating,availability,Shopee,https://shopee.com,platform_data_source,2026-06-30,"Shopee is country-site based, such as shopee.sg and shopee.co.id. Public ranking access varies by market and often needs manual category navigation. | SEA ecommerce checks; local seller pricing; campaign/promotion monitoring; review and rating signals | https://shopee.sg/search?keyword=insulated%20water%20bottle"
Philippines,,,Shopee,review_count,Review Count,availability,Shopee,https://shopee.com,platform_data_source,2026-06-30,"Shopee is country-site based, such as shopee.sg and shopee.co.id. Public ranking access varies by market and often needs manual category navigation. | SEA ecommerce checks; local seller pricing; campaign/promotion monitoring; review and rating signals | https://shopee.sg/search?keyword=insulated%20water%20bottle"
Philippines,,,Shopee,sales_proxy,Sales Proxy,availability,Shopee,https://shopee.com,platform_data_source,2026-06-30,"Shopee is country-site based, such as shopee.sg and shopee.co.id. Public ranking access varies by market and often needs manual category navigation. | SEA ecommerce checks; local seller pricing; campaign/promotion monitoring; review and rating signals | https://shopee.sg/search?keyword=insulated%20water%20bottle"
Philippines,,,Shopee,ranking,Ranking,availability,Shopee,https://shopee.com,platform_data_source,2026-06-30,"Shopee is country-site based, such as shopee.sg and shopee.co.id. Public ranking access varies by market and often needs manual category navigation. | SEA ecommerce checks; local seller pricing; campaign/promotion monitoring; review and rating signals | https://shopee.sg/search?keyword=insulated%20water%20bottle"
Philippines,,,Shopee,brand,Brand,availability,Shopee,https://shopee.com,platform_data_source,2026-06-30,"Shopee is country-site based, such as shopee.sg and shopee.co.id. Public ranking access varies by market and often needs manual category navigation. | SEA ecommerce checks; local seller pricing; campaign/promotion monitoring; review and rating signals | https://shopee.sg/search?keyword=insulated%20water%20bottle"
Philippines,,,Shopee,product_url,Product URL,availability,Shopee,https://shopee.com,platform_data_source,2026-06-30,"Shopee is country-site based, such as shopee.sg and shopee.co.id. Public ranking access varies by market and often needs manual category navigation. | SEA ecommerce checks; local seller pricing; campaign/promotion monitoring; review and rating signals | https://shopee.sg/search?keyword=insulated%20water%20bottle"
Philippines,,,Shopee,seller,Seller,availability,Shopee,https://shopee.com,platform_data_source,2026-06-30,"Shopee is country-site based, such as shopee.sg and shopee.co.id. Public ranking access varies by market and often needs manual category navigation. | SEA ecommerce checks; local seller pricing; campaign/promotion monitoring; review and rating signals | https://shopee.sg/search?keyword=insulated%20water%20bottle"
Philippines,,,Shopee,shipping_info,Shipping Info,availability,Shopee,https://shopee.com,platform_data_source,2026-06-30,"Shopee is country-site based, such as shopee.sg and shopee.co.id. Public ranking access varies by market and often needs manual category navigation. | SEA ecommerce checks; local seller pricing; campaign/promotion monitoring; review and rating signals | https://shopee.sg/search?keyword=insulated%20water%20bottle"
Philippines,,,Shopee,promotion,Promotion,availability,Shopee,https://shopee.com,platform_data_source,2026-06-30,"Shopee is country-site based, such as shopee.sg and shopee.co.id. Public ranking access varies by market and often needs manual category navigation. | SEA ecommerce checks; local seller pricing; campaign/promotion monitoring; review and rating signals | https://shopee.sg/search?keyword=insulated%20water%20bottle"
Philippines,,,Shopee,availability,Availability,availability,Shopee,https://shopee.com,platform_data_source,2026-06-30,"Shopee is country-site based, such as shopee.sg and shopee.co.id. Public ranking access varies by market and often needs manual category navigation. | SEA ecommerce checks; local seller pricing; campaign/promotion monitoring; review and rating signals | https://shopee.sg/search?keyword=insulated%20water%20bottle"
Brazil,,,Shopee,price,Price,availability,Shopee,https://shopee.com,platform_data_source,2026-06-30,"Shopee is country-site based, such as shopee.sg and shopee.co.id. Public ranking access varies by market and often needs manual category navigation. | SEA ecommerce checks; local seller pricing; campaign/promotion monitoring; review and rating signals | https://shopee.sg/search?keyword=insulated%20water%20bottle"
Brazil,,,Shopee,rating,Rating,availability,Shopee,https://shopee.com,platform_data_source,2026-06-30,"Shopee is country-site based, such as shopee.sg and shopee.co.id. Public ranking access varies by market and often needs manual category navigation. | SEA ecommerce checks; local seller pricing; campaign/promotion monitoring; review and rating signals | https://shopee.sg/search?keyword=insulated%20water%20bottle"
Brazil,,,Shopee,review_count,Review Count,availability,Shopee,https://shopee.com,platform_data_source,2026-06-30,"Shopee is country-site based, such as shopee.sg and shopee.co.id. Public ranking access varies by market and often needs manual category navigation. | SEA ecommerce checks; local seller pricing; campaign/promotion monitoring; review and rating signals | https://shopee.sg/search?keyword=insulated%20water%20bottle"
Brazil,,,Shopee,sales_proxy,Sales Proxy,availability,Shopee,https://shopee.com,platform_data_source,2026-06-30,"Shopee is country-site based, such as shopee.sg and shopee.co.id. Public ranking access varies by market and often needs manual category navigation. | SEA ecommerce checks; local seller pricing; campaign/promotion monitoring; review and rating signals | https://shopee.sg/search?keyword=insulated%20water%20bottle"
Brazil,,,Shopee,ranking,Ranking,availability,Shopee,https://shopee.com,platform_data_source,2026-06-30,"Shopee is country-site based, such as shopee.sg and shopee.co.id. Public ranking access varies by market and often needs manual category navigation. | SEA ecommerce checks; local seller pricing; campaign/promotion monitoring; review and rating signals | https://shopee.sg/search?keyword=insulated%20water%20bottle"
Brazil,,,Shopee,brand,Brand,availability,Shopee,https://shopee.com,platform_data_source,2026-06-30,"Shopee is country-site based, such as shopee.sg and shopee.co.id. Public ranking access varies by market and often needs manual category navigation. | SEA ecommerce checks; local seller pricing; campaign/promotion monitoring; review and rating signals | https://shopee.sg/search?keyword=insulated%20water%20bottle"
Brazil,,,Shopee,product_url,Product URL,availability,Shopee,https://shopee.com,platform_data_source,2026-06-30,"Shopee is country-site based, such as shopee.sg and shopee.co.id. Public ranking access varies by market and often needs manual category navigation. | SEA ecommerce checks; local seller pricing; campaign/promotion monitoring; review and rating signals | https://shopee.sg/search?keyword=insulated%20water%20bottle"
Brazil,,,Shopee,seller,Seller,availability,Shopee,https://shopee.com,platform_data_source,2026-06-30,"Shopee is country-site based, such as shopee.sg and shopee.co.id. Public ranking access varies by market and often needs manual category navigation. | SEA ecommerce checks; local seller pricing; campaign/promotion monitoring; review and rating signals | https://shopee.sg/search?keyword=insulated%20water%20bottle"
Brazil,,,Shopee,shipping_info,Shipping Info,availability,Shopee,https://shopee.com,platform_data_source,2026-06-30,"Shopee is country-site based, such as shopee.sg and shopee.co.id. Public ranking access varies by market and often needs manual category navigation. | SEA ecommerce checks; local seller pricing; campaign/promotion monitoring; review and rating signals | https://shopee.sg/search?keyword=insulated%20water%20bottle"
Brazil,,,Shopee,promotion,Promotion,availability,Shopee,https://shopee.com,platform_data_source,2026-06-30,"Shopee is country-site based, such as shopee.sg and shopee.co.id. Public ranking access varies by market and often needs manual category navigation. | SEA ecommerce checks; local seller pricing; campaign/promotion monitoring; review and rating signals | https://shopee.sg/search?keyword=insulated%20water%20bottle"
Brazil,,,Shopee,availability,Availability,availability,Shopee,https://shopee.com,platform_data_source,2026-06-30,"Shopee is country-site based, such as shopee.sg and shopee.co.id. Public ranking access varies by market and often needs manual category navigation. | SEA ecommerce checks; local seller pricing; campaign/promotion monitoring; review and rating signals | https://shopee.sg/search?keyword=insulated%20water%20bottle"
Singapore,,,Lazada,price,Price,availability,Lazada,https://www.lazada.com,platform_data_source,2026-06-30,Lazada uses local country domains. Public bestseller/ranking pages are not consistently exposed across markets; manual check required. | SEA marketplace checks; price comparison; brand and seller discovery; campaign tracking | https://www.lazada.sg/catalog/?q=insulated%20water%20bottle
Singapore,,,Lazada,rating,Rating,availability,Lazada,https://www.lazada.com,platform_data_source,2026-06-30,Lazada uses local country domains. Public bestseller/ranking pages are not consistently exposed across markets; manual check required. | SEA marketplace checks; price comparison; brand and seller discovery; campaign tracking | https://www.lazada.sg/catalog/?q=insulated%20water%20bottle
Singapore,,,Lazada,review_count,Review Count,availability,Lazada,https://www.lazada.com,platform_data_source,2026-06-30,Lazada uses local country domains. Public bestseller/ranking pages are not consistently exposed across markets; manual check required. | SEA marketplace checks; price comparison; brand and seller discovery; campaign tracking | https://www.lazada.sg/catalog/?q=insulated%20water%20bottle
Singapore,,,Lazada,sales_proxy,Sales Proxy,availability,Lazada,https://www.lazada.com,platform_data_source,2026-06-30,Lazada uses local country domains. Public bestseller/ranking pages are not consistently exposed across markets; manual check required. | SEA marketplace checks; price comparison; brand and seller discovery; campaign tracking | https://www.lazada.sg/catalog/?q=insulated%20water%20bottle
Singapore,,,Lazada,ranking,Ranking,availability,Lazada,https://www.lazada.com,platform_data_source,2026-06-30,Lazada uses local country domains. Public bestseller/ranking pages are not consistently exposed across markets; manual check required. | SEA marketplace checks; price comparison; brand and seller discovery; campaign tracking | https://www.lazada.sg/catalog/?q=insulated%20water%20bottle
Singapore,,,Lazada,brand,Brand,availability,Lazada,https://www.lazada.com,platform_data_source,2026-06-30,Lazada uses local country domains. Public bestseller/ranking pages are not consistently exposed across markets; manual check required. | SEA marketplace checks; price comparison; brand and seller discovery; campaign tracking | https://www.lazada.sg/catalog/?q=insulated%20water%20bottle
Singapore,,,Lazada,product_url,Product URL,availability,Lazada,https://www.lazada.com,platform_data_source,2026-06-30,Lazada uses local country domains. Public bestseller/ranking pages are not consistently exposed across markets; manual check required. | SEA marketplace checks; price comparison; brand and seller discovery; campaign tracking | https://www.lazada.sg/catalog/?q=insulated%20water%20bottle
Singapore,,,Lazada,seller,Seller,availability,Lazada,https://www.lazada.com,platform_data_source,2026-06-30,Lazada uses local country domains. Public bestseller/ranking pages are not consistently exposed across markets; manual check required. | SEA marketplace checks; price comparison; brand and seller discovery; campaign tracking | https://www.lazada.sg/catalog/?q=insulated%20water%20bottle
Singapore,,,Lazada,shipping_info,Shipping Info,availability,Lazada,https://www.lazada.com,platform_data_source,2026-06-30,Lazada uses local country domains. Public bestseller/ranking pages are not consistently exposed across markets; manual check required. | SEA marketplace checks; price comparison; brand and seller discovery; campaign tracking | https://www.lazada.sg/catalog/?q=insulated%20water%20bottle
Singapore,,,Lazada,promotion,Promotion,availability,Lazada,https://www.lazada.com,platform_data_source,2026-06-30,Lazada uses local country domains. Public bestseller/ranking pages are not consistently exposed across markets; manual check required. | SEA marketplace checks; price comparison; brand and seller discovery; campaign tracking | https://www.lazada.sg/catalog/?q=insulated%20water%20bottle
Singapore,,,Lazada,availability,Availability,availability,Lazada,https://www.lazada.com,platform_data_source,2026-06-30,Lazada uses local country domains. Public bestseller/ranking pages are not consistently exposed across markets; manual check required. | SEA marketplace checks; price comparison; brand and seller discovery; campaign tracking | https://www.lazada.sg/catalog/?q=insulated%20water%20bottle
Malaysia,,,Lazada,price,Price,availability,Lazada,https://www.lazada.com,platform_data_source,2026-06-30,Lazada uses local country domains. Public bestseller/ranking pages are not consistently exposed across markets; manual check required. | SEA marketplace checks; price comparison; brand and seller discovery; campaign tracking | https://www.lazada.sg/catalog/?q=insulated%20water%20bottle
Malaysia,,,Lazada,rating,Rating,availability,Lazada,https://www.lazada.com,platform_data_source,2026-06-30,Lazada uses local country domains. Public bestseller/ranking pages are not consistently exposed across markets; manual check required. | SEA marketplace checks; price comparison; brand and seller discovery; campaign tracking | https://www.lazada.sg/catalog/?q=insulated%20water%20bottle
Malaysia,,,Lazada,review_count,Review Count,availability,Lazada,https://www.lazada.com,platform_data_source,2026-06-30,Lazada uses local country domains. Public bestseller/ranking pages are not consistently exposed across markets; manual check required. | SEA marketplace checks; price comparison; brand and seller discovery; campaign tracking | https://www.lazada.sg/catalog/?q=insulated%20water%20bottle
Malaysia,,,Lazada,sales_proxy,Sales Proxy,availability,Lazada,https://www.lazada.com,platform_data_source,2026-06-30,Lazada uses local country domains. Public bestseller/ranking pages are not consistently exposed across markets; manual check required. | SEA marketplace checks; price comparison; brand and seller discovery; campaign tracking | https://www.lazada.sg/catalog/?q=insulated%20water%20bottle
Malaysia,,,Lazada,ranking,Ranking,availability,Lazada,https://www.lazada.com,platform_data_source,2026-06-30,Lazada uses local country domains. Public bestseller/ranking pages are not consistently exposed across markets; manual check required. | SEA marketplace checks; price comparison; brand and seller discovery; campaign tracking | https://www.lazada.sg/catalog/?q=insulated%20water%20bottle
Malaysia,,,Lazada,brand,Brand,availability,Lazada,https://www.lazada.com,platform_data_source,2026-06-30,Lazada uses local country domains. Public bestseller/ranking pages are not consistently exposed across markets; manual check required. | SEA marketplace checks; price comparison; brand and seller discovery; campaign tracking | https://www.lazada.sg/catalog/?q=insulated%20water%20bottle
Malaysia,,,Lazada,product_url,Product URL,availability,Lazada,https://www.lazada.com,platform_data_source,2026-06-30,Lazada uses local country domains. Public bestseller/ranking pages are not consistently exposed across markets; manual check required. | SEA marketplace checks; price comparison; brand and seller discovery; campaign tracking | https://www.lazada.sg/catalog/?q=insulated%20water%20bottle
Malaysia,,,Lazada,seller,Seller,availability,Lazada,https://www.lazada.com,platform_data_source,2026-06-30,Lazada uses local country domains. Public bestseller/ranking pages are not consistently exposed across markets; manual check required. | SEA marketplace checks; price comparison; brand and seller discovery; campaign tracking | https://www.lazada.sg/catalog/?q=insulated%20water%20bottle
Malaysia,,,Lazada,shipping_info,Shipping Info,availability,Lazada,https://www.lazada.com,platform_data_source,2026-06-30,Lazada uses local country domains. Public bestseller/ranking pages are not consistently exposed across markets; manual check required. | SEA marketplace checks; price comparison; brand and seller discovery; campaign tracking | https://www.lazada.sg/catalog/?q=insulated%20water%20bottle
Malaysia,,,Lazada,promotion,Promotion,availability,Lazada,https://www.lazada.com,platform_data_source,2026-06-30,Lazada uses local country domains. Public bestseller/ranking pages are not consistently exposed across markets; manual check required. | SEA marketplace checks; price comparison; brand and seller discovery; campaign tracking | https://www.lazada.sg/catalog/?q=insulated%20water%20bottle
Malaysia,,,Lazada,availability,Availability,availability,Lazada,https://www.lazada.com,platform_data_source,2026-06-30,Lazada uses local country domains. Public bestseller/ranking pages are not consistently exposed across markets; manual check required. | SEA marketplace checks; price comparison; brand and seller discovery; campaign tracking | https://www.lazada.sg/catalog/?q=insulated%20water%20bottle
Thailand,,,Lazada,price,Price,availability,Lazada,https://www.lazada.com,platform_data_source,2026-06-30,Lazada uses local country domains. Public bestseller/ranking pages are not consistently exposed across markets; manual check required. | SEA marketplace checks; price comparison; brand and seller discovery; campaign tracking | https://www.lazada.sg/catalog/?q=insulated%20water%20bottle
Thailand,,,Lazada,rating,Rating,availability,Lazada,https://www.lazada.com,platform_data_source,2026-06-30,Lazada uses local country domains. Public bestseller/ranking pages are not consistently exposed across markets; manual check required. | SEA marketplace checks; price comparison; brand and seller discovery; campaign tracking | https://www.lazada.sg/catalog/?q=insulated%20water%20bottle
Thailand,,,Lazada,review_count,Review Count,availability,Lazada,https://www.lazada.com,platform_data_source,2026-06-30,Lazada uses local country domains. Public bestseller/ranking pages are not consistently exposed across markets; manual check required. | SEA marketplace checks; price comparison; brand and seller discovery; campaign tracking | https://www.lazada.sg/catalog/?q=insulated%20water%20bottle
Thailand,,,Lazada,sales_proxy,Sales Proxy,availability,Lazada,https://www.lazada.com,platform_data_source,2026-06-30,Lazada uses local country domains. Public bestseller/ranking pages are not consistently exposed across markets; manual check required. | SEA marketplace checks; price comparison; brand and seller discovery; campaign tracking | https://www.lazada.sg/catalog/?q=insulated%20water%20bottle
Thailand,,,Lazada,ranking,Ranking,availability,Lazada,https://www.lazada.com,platform_data_source,2026-06-30,Lazada uses local country domains. Public bestseller/ranking pages are not consistently exposed across markets; manual check required. | SEA marketplace checks; price comparison; brand and seller discovery; campaign tracking | https://www.lazada.sg/catalog/?q=insulated%20water%20bottle
Thailand,,,Lazada,brand,Brand,availability,Lazada,https://www.lazada.com,platform_data_source,2026-06-30,Lazada uses local country domains. Public bestseller/ranking pages are not consistently exposed across markets; manual check required. | SEA marketplace checks; price comparison; brand and seller discovery; campaign tracking | https://www.lazada.sg/catalog/?q=insulated%20water%20bottle
Thailand,,,Lazada,product_url,Product URL,availability,Lazada,https://www.lazada.com,platform_data_source,2026-06-30,Lazada uses local country domains. Public bestseller/ranking pages are not consistently exposed across markets; manual check required. | SEA marketplace checks; price comparison; brand and seller discovery; campaign tracking | https://www.lazada.sg/catalog/?q=insulated%20water%20bottle
Thailand,,,Lazada,seller,Seller,availability,Lazada,https://www.lazada.com,platform_data_source,2026-06-30,Lazada uses local country domains. Public bestseller/ranking pages are not consistently exposed across markets; manual check required. | SEA marketplace checks; price comparison; brand and seller discovery; campaign tracking | https://www.lazada.sg/catalog/?q=insulated%20water%20bottle
Thailand,,,Lazada,shipping_info,Shipping Info,availability,Lazada,https://www.lazada.com,platform_data_source,2026-06-30,Lazada uses local country domains. Public bestseller/ranking pages are not consistently exposed across markets; manual check required. | SEA marketplace checks; price comparison; brand and seller discovery; campaign tracking | https://www.lazada.sg/catalog/?q=insulated%20water%20bottle
Thailand,,,Lazada,promotion,Promotion,availability,Lazada,https://www.lazada.com,platform_data_source,2026-06-30,Lazada uses local country domains. Public bestseller/ranking pages are not consistently exposed across markets; manual check required. | SEA marketplace checks; price comparison; brand and seller discovery; campaign tracking | https://www.lazada.sg/catalog/?q=insulated%20water%20bottle
Thailand,,,Lazada,availability,Availability,availability,Lazada,https://www.lazada.com,platform_data_source,2026-06-30,Lazada uses local country domains. Public bestseller/ranking pages are not consistently exposed across markets; manual check required. | SEA marketplace checks; price comparison; brand and seller discovery; campaign tracking | https://www.lazada.sg/catalog/?q=insulated%20water%20bottle
Indonesia,,,Lazada,price,Price,availability,Lazada,https://www.lazada.com,platform_data_source,2026-06-30,Lazada uses local country domains. Public bestseller/ranking pages are not consistently exposed across markets; manual check required. | SEA marketplace checks; price comparison; brand and seller discovery; campaign tracking | https://www.lazada.sg/catalog/?q=insulated%20water%20bottle
Indonesia,,,Lazada,rating,Rating,availability,Lazada,https://www.lazada.com,platform_data_source,2026-06-30,Lazada uses local country domains. Public bestseller/ranking pages are not consistently exposed across markets; manual check required. | SEA marketplace checks; price comparison; brand and seller discovery; campaign tracking | https://www.lazada.sg/catalog/?q=insulated%20water%20bottle
Indonesia,,,Lazada,review_count,Review Count,availability,Lazada,https://www.lazada.com,platform_data_source,2026-06-30,Lazada uses local country domains. Public bestseller/ranking pages are not consistently exposed across markets; manual check required. | SEA marketplace checks; price comparison; brand and seller discovery; campaign tracking | https://www.lazada.sg/catalog/?q=insulated%20water%20bottle
Indonesia,,,Lazada,sales_proxy,Sales Proxy,availability,Lazada,https://www.lazada.com,platform_data_source,2026-06-30,Lazada uses local country domains. Public bestseller/ranking pages are not consistently exposed across markets; manual check required. | SEA marketplace checks; price comparison; brand and seller discovery; campaign tracking | https://www.lazada.sg/catalog/?q=insulated%20water%20bottle
Indonesia,,,Lazada,ranking,Ranking,availability,Lazada,https://www.lazada.com,platform_data_source,2026-06-30,Lazada uses local country domains. Public bestseller/ranking pages are not consistently exposed across markets; manual check required. | SEA marketplace checks; price comparison; brand and seller discovery; campaign tracking | https://www.lazada.sg/catalog/?q=insulated%20water%20bottle
Indonesia,,,Lazada,brand,Brand,availability,Lazada,https://www.lazada.com,platform_data_source,2026-06-30,Lazada uses local country domains. Public bestseller/ranking pages are not consistently exposed across markets; manual check required. | SEA marketplace checks; price comparison; brand and seller discovery; campaign tracking | https://www.lazada.sg/catalog/?q=insulated%20water%20bottle
Indonesia,,,Lazada,product_url,Product URL,availability,Lazada,https://www.lazada.com,platform_data_source,2026-06-30,Lazada uses local country domains. Public bestseller/ranking pages are not consistently exposed across markets; manual check required. | SEA marketplace checks; price comparison; brand and seller discovery; campaign tracking | https://www.lazada.sg/catalog/?q=insulated%20water%20bottle
Indonesia,,,Lazada,seller,Seller,availability,Lazada,https://www.lazada.com,platform_data_source,2026-06-30,Lazada uses local country domains. Public bestseller/ranking pages are not consistently exposed across markets; manual check required. | SEA marketplace checks; price comparison; brand and seller discovery; campaign tracking | https://www.lazada.sg/catalog/?q=insulated%20water%20bottle
Indonesia,,,Lazada,shipping_info,Shipping Info,availability,Lazada,https://www.lazada.com,platform_data_source,2026-06-30,Lazada uses local country domains. Public bestseller/ranking pages are not consistently exposed across markets; manual check required. | SEA marketplace checks; price comparison; brand and seller discovery; campaign tracking | https://www.lazada.sg/catalog/?q=insulated%20water%20bottle
Indonesia,,,Lazada,promotion,Promotion,availability,Lazada,https://www.lazada.com,platform_data_source,2026-06-30,Lazada uses local country domains. Public bestseller/ranking pages are not consistently exposed across markets; manual check required. | SEA marketplace checks; price comparison; brand and seller discovery; campaign tracking | https://www.lazada.sg/catalog/?q=insulated%20water%20bottle
Indonesia,,,Lazada,availability,Availability,availability,Lazada,https://www.lazada.com,platform_data_source,2026-06-30,Lazada uses local country domains. Public bestseller/ranking pages are not consistently exposed across markets; manual check required. | SEA marketplace checks; price comparison; brand and seller discovery; campaign tracking | https://www.lazada.sg/catalog/?q=insulated%20water%20bottle
Vietnam,,,Lazada,price,Price,availability,Lazada,https://www.lazada.com,platform_data_source,2026-06-30,Lazada uses local country domains. Public bestseller/ranking pages are not consistently exposed across markets; manual check required. | SEA marketplace checks; price comparison; brand and seller discovery; campaign tracking | https://www.lazada.sg/catalog/?q=insulated%20water%20bottle
Vietnam,,,Lazada,rating,Rating,availability,Lazada,https://www.lazada.com,platform_data_source,2026-06-30,Lazada uses local country domains. Public bestseller/ranking pages are not consistently exposed across markets; manual check required. | SEA marketplace checks; price comparison; brand and seller discovery; campaign tracking | https://www.lazada.sg/catalog/?q=insulated%20water%20bottle
Vietnam,,,Lazada,review_count,Review Count,availability,Lazada,https://www.lazada.com,platform_data_source,2026-06-30,Lazada uses local country domains. Public bestseller/ranking pages are not consistently exposed across markets; manual check required. | SEA marketplace checks; price comparison; brand and seller discovery; campaign tracking | https://www.lazada.sg/catalog/?q=insulated%20water%20bottle
Vietnam,,,Lazada,sales_proxy,Sales Proxy,availability,Lazada,https://www.lazada.com,platform_data_source,2026-06-30,Lazada uses local country domains. Public bestseller/ranking pages are not consistently exposed across markets; manual check required. | SEA marketplace checks; price comparison; brand and seller discovery; campaign tracking | https://www.lazada.sg/catalog/?q=insulated%20water%20bottle
Vietnam,,,Lazada,ranking,Ranking,availability,Lazada,https://www.lazada.com,platform_data_source,2026-06-30,Lazada uses local country domains. Public bestseller/ranking pages are not consistently exposed across markets; manual check required. | SEA marketplace checks; price comparison; brand and seller discovery; campaign tracking | https://www.lazada.sg/catalog/?q=insulated%20water%20bottle
Vietnam,,,Lazada,brand,Brand,availability,Lazada,https://www.lazada.com,platform_data_source,2026-06-30,Lazada uses local country domains. Public bestseller/ranking pages are not consistently exposed across markets; manual check required. | SEA marketplace checks; price comparison; brand and seller discovery; campaign tracking | https://www.lazada.sg/catalog/?q=insulated%20water%20bottle
Vietnam,,,Lazada,product_url,Product URL,availability,Lazada,https://www.lazada.com,platform_data_source,2026-06-30,Lazada uses local country domains. Public bestseller/ranking pages are not consistently exposed across markets; manual check required. | SEA marketplace checks; price comparison; brand and seller discovery; campaign tracking | https://www.lazada.sg/catalog/?q=insulated%20water%20bottle
Vietnam,,,Lazada,seller,Seller,availability,Lazada,https://www.lazada.com,platform_data_source,2026-06-30,Lazada uses local country domains. Public bestseller/ranking pages are not consistently exposed across markets; manual check required. | SEA marketplace checks; price comparison; brand and seller discovery; campaign tracking | https://www.lazada.sg/catalog/?q=insulated%20water%20bottle
Vietnam,,,Lazada,shipping_info,Shipping Info,availability,Lazada,https://www.lazada.com,platform_data_source,2026-06-30,Lazada uses local country domains. Public bestseller/ranking pages are not consistently exposed across markets; manual check required. | SEA marketplace checks; price comparison; brand and seller discovery; campaign tracking | https://www.lazada.sg/catalog/?q=insulated%20water%20bottle
Vietnam,,,Lazada,promotion,Promotion,availability,Lazada,https://www.lazada.com,platform_data_source,2026-06-30,Lazada uses local country domains. Public bestseller/ranking pages are not consistently exposed across markets; manual check required. | SEA marketplace checks; price comparison; brand and seller discovery; campaign tracking | https://www.lazada.sg/catalog/?q=insulated%20water%20bottle
Vietnam,,,Lazada,availability,Availability,availability,Lazada,https://www.lazada.com,platform_data_source,2026-06-30,Lazada uses local country domains. Public bestseller/ranking pages are not consistently exposed across markets; manual check required. | SEA marketplace checks; price comparison; brand and seller discovery; campaign tracking | https://www.lazada.sg/catalog/?q=insulated%20water%20bottle
Philippines,,,Lazada,price,Price,availability,Lazada,https://www.lazada.com,platform_data_source,2026-06-30,Lazada uses local country domains. Public bestseller/ranking pages are not consistently exposed across markets; manual check required. | SEA marketplace checks; price comparison; brand and seller discovery; campaign tracking | https://www.lazada.sg/catalog/?q=insulated%20water%20bottle
Philippines,,,Lazada,rating,Rating,availability,Lazada,https://www.lazada.com,platform_data_source,2026-06-30,Lazada uses local country domains. Public bestseller/ranking pages are not consistently exposed across markets; manual check required. | SEA marketplace checks; price comparison; brand and seller discovery; campaign tracking | https://www.lazada.sg/catalog/?q=insulated%20water%20bottle
Philippines,,,Lazada,review_count,Review Count,availability,Lazada,https://www.lazada.com,platform_data_source,2026-06-30,Lazada uses local country domains. Public bestseller/ranking pages are not consistently exposed across markets; manual check required. | SEA marketplace checks; price comparison; brand and seller discovery; campaign tracking | https://www.lazada.sg/catalog/?q=insulated%20water%20bottle
Philippines,,,Lazada,sales_proxy,Sales Proxy,availability,Lazada,https://www.lazada.com,platform_data_source,2026-06-30,Lazada uses local country domains. Public bestseller/ranking pages are not consistently exposed across markets; manual check required. | SEA marketplace checks; price comparison; brand and seller discovery; campaign tracking | https://www.lazada.sg/catalog/?q=insulated%20water%20bottle
Philippines,,,Lazada,ranking,Ranking,availability,Lazada,https://www.lazada.com,platform_data_source,2026-06-30,Lazada uses local country domains. Public bestseller/ranking pages are not consistently exposed across markets; manual check required. | SEA marketplace checks; price comparison; brand and seller discovery; campaign tracking | https://www.lazada.sg/catalog/?q=insulated%20water%20bottle
Philippines,,,Lazada,brand,Brand,availability,Lazada,https://www.lazada.com,platform_data_source,2026-06-30,Lazada uses local country domains. Public bestseller/ranking pages are not consistently exposed across markets; manual check required. | SEA marketplace checks; price comparison; brand and seller discovery; campaign tracking | https://www.lazada.sg/catalog/?q=insulated%20water%20bottle
Philippines,,,Lazada,product_url,Product URL,availability,Lazada,https://www.lazada.com,platform_data_source,2026-06-30,Lazada uses local country domains. Public bestseller/ranking pages are not consistently exposed across markets; manual check required. | SEA marketplace checks; price comparison; brand and seller discovery; campaign tracking | https://www.lazada.sg/catalog/?q=insulated%20water%20bottle
Philippines,,,Lazada,seller,Seller,availability,Lazada,https://www.lazada.com,platform_data_source,2026-06-30,Lazada uses local country domains. Public bestseller/ranking pages are not consistently exposed across markets; manual check required. | SEA marketplace checks; price comparison; brand and seller discovery; campaign tracking | https://www.lazada.sg/catalog/?q=insulated%20water%20bottle
Philippines,,,Lazada,shipping_info,Shipping Info,availability,Lazada,https://www.lazada.com,platform_data_source,2026-06-30,Lazada uses local country domains. Public bestseller/ranking pages are not consistently exposed across markets; manual check required. | SEA marketplace checks; price comparison; brand and seller discovery; campaign tracking | https://www.lazada.sg/catalog/?q=insulated%20water%20bottle
Philippines,,,Lazada,promotion,Promotion,availability,Lazada,https://www.lazada.com,platform_data_source,2026-06-30,Lazada uses local country domains. Public bestseller/ranking pages are not consistently exposed across markets; manual check required. | SEA marketplace checks; price comparison; brand and seller discovery; campaign tracking | https://www.lazada.sg/catalog/?q=insulated%20water%20bottle
Philippines,,,Lazada,availability,Availability,availability,Lazada,https://www.lazada.com,platform_data_source,2026-06-30,Lazada uses local country domains. Public bestseller/ranking pages are not consistently exposed across markets; manual check required. | SEA marketplace checks; price comparison; brand and seller discovery; campaign tracking | https://www.lazada.sg/catalog/?q=insulated%20water%20bottle
Japan,,,Rakuten,price,Price,availability,Rakuten,https://www.rakuten.co.jp,platform_data_source,2026-06-30,Rakuten Japan has a public ranking portal. Exact category ranking URL should be captured after choosing the target category. | Japan product ranking; shop-level pricing; reviews; category demand and merchant competition | https://ranking.rakuten.co.jp | https://search.rakuten.co.jp/search/mall/%E6%B0%B4%E7%AD%92/
Japan,,,Rakuten,rating,Rating,availability,Rakuten,https://www.rakuten.co.jp,platform_data_source,2026-06-30,Rakuten Japan has a public ranking portal. Exact category ranking URL should be captured after choosing the target category. | Japan product ranking; shop-level pricing; reviews; category demand and merchant competition | https://ranking.rakuten.co.jp | https://search.rakuten.co.jp/search/mall/%E6%B0%B4%E7%AD%92/
Japan,,,Rakuten,review_count,Review Count,availability,Rakuten,https://www.rakuten.co.jp,platform_data_source,2026-06-30,Rakuten Japan has a public ranking portal. Exact category ranking URL should be captured after choosing the target category. | Japan product ranking; shop-level pricing; reviews; category demand and merchant competition | https://ranking.rakuten.co.jp | https://search.rakuten.co.jp/search/mall/%E6%B0%B4%E7%AD%92/
Japan,,,Rakuten,sales_proxy,Sales Proxy,availability,Rakuten,https://www.rakuten.co.jp,platform_data_source,2026-06-30,Rakuten Japan has a public ranking portal. Exact category ranking URL should be captured after choosing the target category. | Japan product ranking; shop-level pricing; reviews; category demand and merchant competition | https://ranking.rakuten.co.jp | https://search.rakuten.co.jp/search/mall/%E6%B0%B4%E7%AD%92/
Japan,,,Rakuten,ranking,Ranking,availability,Rakuten,https://www.rakuten.co.jp,platform_data_source,2026-06-30,Rakuten Japan has a public ranking portal. Exact category ranking URL should be captured after choosing the target category. | Japan product ranking; shop-level pricing; reviews; category demand and merchant competition | https://ranking.rakuten.co.jp | https://search.rakuten.co.jp/search/mall/%E6%B0%B4%E7%AD%92/
Japan,,,Rakuten,brand,Brand,availability,Rakuten,https://www.rakuten.co.jp,platform_data_source,2026-06-30,Rakuten Japan has a public ranking portal. Exact category ranking URL should be captured after choosing the target category. | Japan product ranking; shop-level pricing; reviews; category demand and merchant competition | https://ranking.rakuten.co.jp | https://search.rakuten.co.jp/search/mall/%E6%B0%B4%E7%AD%92/
Japan,,,Rakuten,product_url,Product URL,availability,Rakuten,https://www.rakuten.co.jp,platform_data_source,2026-06-30,Rakuten Japan has a public ranking portal. Exact category ranking URL should be captured after choosing the target category. | Japan product ranking; shop-level pricing; reviews; category demand and merchant competition | https://ranking.rakuten.co.jp | https://search.rakuten.co.jp/search/mall/%E6%B0%B4%E7%AD%92/
Japan,,,Rakuten,seller,Seller,availability,Rakuten,https://www.rakuten.co.jp,platform_data_source,2026-06-30,Rakuten Japan has a public ranking portal. Exact category ranking URL should be captured after choosing the target category. | Japan product ranking; shop-level pricing; reviews; category demand and merchant competition | https://ranking.rakuten.co.jp | https://search.rakuten.co.jp/search/mall/%E6%B0%B4%E7%AD%92/
Japan,,,Rakuten,shipping_info,Shipping Info,availability,Rakuten,https://www.rakuten.co.jp,platform_data_source,2026-06-30,Rakuten Japan has a public ranking portal. Exact category ranking URL should be captured after choosing the target category. | Japan product ranking; shop-level pricing; reviews; category demand and merchant competition | https://ranking.rakuten.co.jp | https://search.rakuten.co.jp/search/mall/%E6%B0%B4%E7%AD%92/
Japan,,,Rakuten,promotion,Promotion,availability,Rakuten,https://www.rakuten.co.jp,platform_data_source,2026-06-30,Rakuten Japan has a public ranking portal. Exact category ranking URL should be captured after choosing the target category. | Japan product ranking; shop-level pricing; reviews; category demand and merchant competition | https://ranking.rakuten.co.jp | https://search.rakuten.co.jp/search/mall/%E6%B0%B4%E7%AD%92/
Japan,,,Rakuten,availability,Availability,availability,Rakuten,https://www.rakuten.co.jp,platform_data_source,2026-06-30,Rakuten Japan has a public ranking portal. Exact category ranking URL should be captured after choosing the target category. | Japan product ranking; shop-level pricing; reviews; category demand and merchant competition | https://ranking.rakuten.co.jp | https://search.rakuten.co.jp/search/mall/%E6%B0%B4%E7%AD%92/
Taiwan,,,Rakuten,price,Price,availability,Rakuten,https://www.rakuten.co.jp,platform_data_source,2026-06-30,Rakuten Japan has a public ranking portal. Exact category ranking URL should be captured after choosing the target category. | Japan product ranking; shop-level pricing; reviews; category demand and merchant competition | https://ranking.rakuten.co.jp | https://search.rakuten.co.jp/search/mall/%E6%B0%B4%E7%AD%92/
Taiwan,,,Rakuten,rating,Rating,availability,Rakuten,https://www.rakuten.co.jp,platform_data_source,2026-06-30,Rakuten Japan has a public ranking portal. Exact category ranking URL should be captured after choosing the target category. | Japan product ranking; shop-level pricing; reviews; category demand and merchant competition | https://ranking.rakuten.co.jp | https://search.rakuten.co.jp/search/mall/%E6%B0%B4%E7%AD%92/
Taiwan,,,Rakuten,review_count,Review Count,availability,Rakuten,https://www.rakuten.co.jp,platform_data_source,2026-06-30,Rakuten Japan has a public ranking portal. Exact category ranking URL should be captured after choosing the target category. | Japan product ranking; shop-level pricing; reviews; category demand and merchant competition | https://ranking.rakuten.co.jp | https://search.rakuten.co.jp/search/mall/%E6%B0%B4%E7%AD%92/
Taiwan,,,Rakuten,sales_proxy,Sales Proxy,availability,Rakuten,https://www.rakuten.co.jp,platform_data_source,2026-06-30,Rakuten Japan has a public ranking portal. Exact category ranking URL should be captured after choosing the target category. | Japan product ranking; shop-level pricing; reviews; category demand and merchant competition | https://ranking.rakuten.co.jp | https://search.rakuten.co.jp/search/mall/%E6%B0%B4%E7%AD%92/
Taiwan,,,Rakuten,ranking,Ranking,availability,Rakuten,https://www.rakuten.co.jp,platform_data_source,2026-06-30,Rakuten Japan has a public ranking portal. Exact category ranking URL should be captured after choosing the target category. | Japan product ranking; shop-level pricing; reviews; category demand and merchant competition | https://ranking.rakuten.co.jp | https://search.rakuten.co.jp/search/mall/%E6%B0%B4%E7%AD%92/
Taiwan,,,Rakuten,brand,Brand,availability,Rakuten,https://www.rakuten.co.jp,platform_data_source,2026-06-30,Rakuten Japan has a public ranking portal. Exact category ranking URL should be captured after choosing the target category. | Japan product ranking; shop-level pricing; reviews; category demand and merchant competition | https://ranking.rakuten.co.jp | https://search.rakuten.co.jp/search/mall/%E6%B0%B4%E7%AD%92/
Taiwan,,,Rakuten,product_url,Product URL,availability,Rakuten,https://www.rakuten.co.jp,platform_data_source,2026-06-30,Rakuten Japan has a public ranking portal. Exact category ranking URL should be captured after choosing the target category. | Japan product ranking; shop-level pricing; reviews; category demand and merchant competition | https://ranking.rakuten.co.jp | https://search.rakuten.co.jp/search/mall/%E6%B0%B4%E7%AD%92/
Taiwan,,,Rakuten,seller,Seller,availability,Rakuten,https://www.rakuten.co.jp,platform_data_source,2026-06-30,Rakuten Japan has a public ranking portal. Exact category ranking URL should be captured after choosing the target category. | Japan product ranking; shop-level pricing; reviews; category demand and merchant competition | https://ranking.rakuten.co.jp | https://search.rakuten.co.jp/search/mall/%E6%B0%B4%E7%AD%92/
Taiwan,,,Rakuten,shipping_info,Shipping Info,availability,Rakuten,https://www.rakuten.co.jp,platform_data_source,2026-06-30,Rakuten Japan has a public ranking portal. Exact category ranking URL should be captured after choosing the target category. | Japan product ranking; shop-level pricing; reviews; category demand and merchant competition | https://ranking.rakuten.co.jp | https://search.rakuten.co.jp/search/mall/%E6%B0%B4%E7%AD%92/
Taiwan,,,Rakuten,promotion,Promotion,availability,Rakuten,https://www.rakuten.co.jp,platform_data_source,2026-06-30,Rakuten Japan has a public ranking portal. Exact category ranking URL should be captured after choosing the target category. | Japan product ranking; shop-level pricing; reviews; category demand and merchant competition | https://ranking.rakuten.co.jp | https://search.rakuten.co.jp/search/mall/%E6%B0%B4%E7%AD%92/
Taiwan,,,Rakuten,availability,Availability,availability,Rakuten,https://www.rakuten.co.jp,platform_data_source,2026-06-30,Rakuten Japan has a public ranking portal. Exact category ranking URL should be captured after choosing the target category. | Japan product ranking; shop-level pricing; reviews; category demand and merchant competition | https://ranking.rakuten.co.jp | https://search.rakuten.co.jp/search/mall/%E6%B0%B4%E7%AD%92/
US marketplace presence,,,Rakuten,price,Price,availability,Rakuten,https://www.rakuten.co.jp,platform_data_source,2026-06-30,Rakuten Japan has a public ranking portal. Exact category ranking URL should be captured after choosing the target category. | Japan product ranking; shop-level pricing; reviews; category demand and merchant competition | https://ranking.rakuten.co.jp | https://search.rakuten.co.jp/search/mall/%E6%B0%B4%E7%AD%92/
US marketplace presence,,,Rakuten,rating,Rating,availability,Rakuten,https://www.rakuten.co.jp,platform_data_source,2026-06-30,Rakuten Japan has a public ranking portal. Exact category ranking URL should be captured after choosing the target category. | Japan product ranking; shop-level pricing; reviews; category demand and merchant competition | https://ranking.rakuten.co.jp | https://search.rakuten.co.jp/search/mall/%E6%B0%B4%E7%AD%92/
US marketplace presence,,,Rakuten,review_count,Review Count,availability,Rakuten,https://www.rakuten.co.jp,platform_data_source,2026-06-30,Rakuten Japan has a public ranking portal. Exact category ranking URL should be captured after choosing the target category. | Japan product ranking; shop-level pricing; reviews; category demand and merchant competition | https://ranking.rakuten.co.jp | https://search.rakuten.co.jp/search/mall/%E6%B0%B4%E7%AD%92/
US marketplace presence,,,Rakuten,sales_proxy,Sales Proxy,availability,Rakuten,https://www.rakuten.co.jp,platform_data_source,2026-06-30,Rakuten Japan has a public ranking portal. Exact category ranking URL should be captured after choosing the target category. | Japan product ranking; shop-level pricing; reviews; category demand and merchant competition | https://ranking.rakuten.co.jp | https://search.rakuten.co.jp/search/mall/%E6%B0%B4%E7%AD%92/
US marketplace presence,,,Rakuten,ranking,Ranking,availability,Rakuten,https://www.rakuten.co.jp,platform_data_source,2026-06-30,Rakuten Japan has a public ranking portal. Exact category ranking URL should be captured after choosing the target category. | Japan product ranking; shop-level pricing; reviews; category demand and merchant competition | https://ranking.rakuten.co.jp | https://search.rakuten.co.jp/search/mall/%E6%B0%B4%E7%AD%92/
US marketplace presence,,,Rakuten,brand,Brand,availability,Rakuten,https://www.rakuten.co.jp,platform_data_source,2026-06-30,Rakuten Japan has a public ranking portal. Exact category ranking URL should be captured after choosing the target category. | Japan product ranking; shop-level pricing; reviews; category demand and merchant competition | https://ranking.rakuten.co.jp | https://search.rakuten.co.jp/search/mall/%E6%B0%B4%E7%AD%92/
US marketplace presence,,,Rakuten,product_url,Product URL,availability,Rakuten,https://www.rakuten.co.jp,platform_data_source,2026-06-30,Rakuten Japan has a public ranking portal. Exact category ranking URL should be captured after choosing the target category. | Japan product ranking; shop-level pricing; reviews; category demand and merchant competition | https://ranking.rakuten.co.jp | https://search.rakuten.co.jp/search/mall/%E6%B0%B4%E7%AD%92/
US marketplace presence,,,Rakuten,seller,Seller,availability,Rakuten,https://www.rakuten.co.jp,platform_data_source,2026-06-30,Rakuten Japan has a public ranking portal. Exact category ranking URL should be captured after choosing the target category. | Japan product ranking; shop-level pricing; reviews; category demand and merchant competition | https://ranking.rakuten.co.jp | https://search.rakuten.co.jp/search/mall/%E6%B0%B4%E7%AD%92/
US marketplace presence,,,Rakuten,shipping_info,Shipping Info,availability,Rakuten,https://www.rakuten.co.jp,platform_data_source,2026-06-30,Rakuten Japan has a public ranking portal. Exact category ranking URL should be captured after choosing the target category. | Japan product ranking; shop-level pricing; reviews; category demand and merchant competition | https://ranking.rakuten.co.jp | https://search.rakuten.co.jp/search/mall/%E6%B0%B4%E7%AD%92/
US marketplace presence,,,Rakuten,promotion,Promotion,availability,Rakuten,https://www.rakuten.co.jp,platform_data_source,2026-06-30,Rakuten Japan has a public ranking portal. Exact category ranking URL should be captured after choosing the target category. | Japan product ranking; shop-level pricing; reviews; category demand and merchant competition | https://ranking.rakuten.co.jp | https://search.rakuten.co.jp/search/mall/%E6%B0%B4%E7%AD%92/
US marketplace presence,,,Rakuten,availability,Availability,availability,Rakuten,https://www.rakuten.co.jp,platform_data_source,2026-06-30,Rakuten Japan has a public ranking portal. Exact category ranking URL should be captured after choosing the target category. | Japan product ranking; shop-level pricing; reviews; category demand and merchant competition | https://ranking.rakuten.co.jp | https://search.rakuten.co.jp/search/mall/%E6%B0%B4%E7%AD%92/
United States,,,Walmart,price,Price,availability,Walmart,https://www.walmart.com,platform_data_source,2026-06-30,"No stable public bestseller page confirmed for all categories. Use search, category pages, and Walmart Marketplace APIs where available. | US mass retail pricing; marketplace seller checks; review and shipping comparison against Amazon | https://www.walmart.com/search?q=insulated%20water%20bottle"
United States,,,Walmart,rating,Rating,availability,Walmart,https://www.walmart.com,platform_data_source,2026-06-30,"No stable public bestseller page confirmed for all categories. Use search, category pages, and Walmart Marketplace APIs where available. | US mass retail pricing; marketplace seller checks; review and shipping comparison against Amazon | https://www.walmart.com/search?q=insulated%20water%20bottle"
United States,,,Walmart,review_count,Review Count,availability,Walmart,https://www.walmart.com,platform_data_source,2026-06-30,"No stable public bestseller page confirmed for all categories. Use search, category pages, and Walmart Marketplace APIs where available. | US mass retail pricing; marketplace seller checks; review and shipping comparison against Amazon | https://www.walmart.com/search?q=insulated%20water%20bottle"
United States,,,Walmart,sales_proxy,Sales Proxy,availability,Walmart,https://www.walmart.com,platform_data_source,2026-06-30,"No stable public bestseller page confirmed for all categories. Use search, category pages, and Walmart Marketplace APIs where available. | US mass retail pricing; marketplace seller checks; review and shipping comparison against Amazon | https://www.walmart.com/search?q=insulated%20water%20bottle"
United States,,,Walmart,ranking,Ranking,availability,Walmart,https://www.walmart.com,platform_data_source,2026-06-30,"No stable public bestseller page confirmed for all categories. Use search, category pages, and Walmart Marketplace APIs where available. | US mass retail pricing; marketplace seller checks; review and shipping comparison against Amazon | https://www.walmart.com/search?q=insulated%20water%20bottle"
United States,,,Walmart,brand,Brand,availability,Walmart,https://www.walmart.com,platform_data_source,2026-06-30,"No stable public bestseller page confirmed for all categories. Use search, category pages, and Walmart Marketplace APIs where available. | US mass retail pricing; marketplace seller checks; review and shipping comparison against Amazon | https://www.walmart.com/search?q=insulated%20water%20bottle"
United States,,,Walmart,product_url,Product URL,availability,Walmart,https://www.walmart.com,platform_data_source,2026-06-30,"No stable public bestseller page confirmed for all categories. Use search, category pages, and Walmart Marketplace APIs where available. | US mass retail pricing; marketplace seller checks; review and shipping comparison against Amazon | https://www.walmart.com/search?q=insulated%20water%20bottle"
United States,,,Walmart,seller,Seller,availability,Walmart,https://www.walmart.com,platform_data_source,2026-06-30,"No stable public bestseller page confirmed for all categories. Use search, category pages, and Walmart Marketplace APIs where available. | US mass retail pricing; marketplace seller checks; review and shipping comparison against Amazon | https://www.walmart.com/search?q=insulated%20water%20bottle"
United States,,,Walmart,shipping_info,Shipping Info,availability,Walmart,https://www.walmart.com,platform_data_source,2026-06-30,"No stable public bestseller page confirmed for all categories. Use search, category pages, and Walmart Marketplace APIs where available. | US mass retail pricing; marketplace seller checks; review and shipping comparison against Amazon | https://www.walmart.com/search?q=insulated%20water%20bottle"
United States,,,Walmart,promotion,Promotion,availability,Walmart,https://www.walmart.com,platform_data_source,2026-06-30,"No stable public bestseller page confirmed for all categories. Use search, category pages, and Walmart Marketplace APIs where available. | US mass retail pricing; marketplace seller checks; review and shipping comparison against Amazon | https://www.walmart.com/search?q=insulated%20water%20bottle"
United States,,,Walmart,availability,Availability,availability,Walmart,https://www.walmart.com,platform_data_source,2026-06-30,"No stable public bestseller page confirmed for all categories. Use search, category pages, and Walmart Marketplace APIs where available. | US mass retail pricing; marketplace seller checks; review and shipping comparison against Amazon | https://www.walmart.com/search?q=insulated%20water%20bottle"
Argentina,,,Mercado Libre,price,Price,availability,Mercado Libre,https://www.mercadolibre.com,platform_data_source,2026-06-30,Trend pages are country-specific and may redirect by market. Manual check required for exact country and category. | Latin America demand checks; pricing; seller competition; popularity trends; local product naming | https://tendencias.mercadolibre.com | https://listado.mercadolibre.com.mx/termo-botella
Argentina,,,Mercado Libre,rating,Rating,availability,Mercado Libre,https://www.mercadolibre.com,platform_data_source,2026-06-30,Trend pages are country-specific and may redirect by market. Manual check required for exact country and category. | Latin America demand checks; pricing; seller competition; popularity trends; local product naming | https://tendencias.mercadolibre.com | https://listado.mercadolibre.com.mx/termo-botella
Argentina,,,Mercado Libre,review_count,Review Count,availability,Mercado Libre,https://www.mercadolibre.com,platform_data_source,2026-06-30,Trend pages are country-specific and may redirect by market. Manual check required for exact country and category. | Latin America demand checks; pricing; seller competition; popularity trends; local product naming | https://tendencias.mercadolibre.com | https://listado.mercadolibre.com.mx/termo-botella
Argentina,,,Mercado Libre,sales_proxy,Sales Proxy,availability,Mercado Libre,https://www.mercadolibre.com,platform_data_source,2026-06-30,Trend pages are country-specific and may redirect by market. Manual check required for exact country and category. | Latin America demand checks; pricing; seller competition; popularity trends; local product naming | https://tendencias.mercadolibre.com | https://listado.mercadolibre.com.mx/termo-botella
Argentina,,,Mercado Libre,ranking,Ranking,availability,Mercado Libre,https://www.mercadolibre.com,platform_data_source,2026-06-30,Trend pages are country-specific and may redirect by market. Manual check required for exact country and category. | Latin America demand checks; pricing; seller competition; popularity trends; local product naming | https://tendencias.mercadolibre.com | https://listado.mercadolibre.com.mx/termo-botella
Argentina,,,Mercado Libre,brand,Brand,availability,Mercado Libre,https://www.mercadolibre.com,platform_data_source,2026-06-30,Trend pages are country-specific and may redirect by market. Manual check required for exact country and category. | Latin America demand checks; pricing; seller competition; popularity trends; local product naming | https://tendencias.mercadolibre.com | https://listado.mercadolibre.com.mx/termo-botella
Argentina,,,Mercado Libre,product_url,Product URL,availability,Mercado Libre,https://www.mercadolibre.com,platform_data_source,2026-06-30,Trend pages are country-specific and may redirect by market. Manual check required for exact country and category. | Latin America demand checks; pricing; seller competition; popularity trends; local product naming | https://tendencias.mercadolibre.com | https://listado.mercadolibre.com.mx/termo-botella
Argentina,,,Mercado Libre,seller,Seller,availability,Mercado Libre,https://www.mercadolibre.com,platform_data_source,2026-06-30,Trend pages are country-specific and may redirect by market. Manual check required for exact country and category. | Latin America demand checks; pricing; seller competition; popularity trends; local product naming | https://tendencias.mercadolibre.com | https://listado.mercadolibre.com.mx/termo-botella
Argentina,,,Mercado Libre,shipping_info,Shipping Info,availability,Mercado Libre,https://www.mercadolibre.com,platform_data_source,2026-06-30,Trend pages are country-specific and may redirect by market. Manual check required for exact country and category. | Latin America demand checks; pricing; seller competition; popularity trends; local product naming | https://tendencias.mercadolibre.com | https://listado.mercadolibre.com.mx/termo-botella
Argentina,,,Mercado Libre,promotion,Promotion,availability,Mercado Libre,https://www.mercadolibre.com,platform_data_source,2026-06-30,Trend pages are country-specific and may redirect by market. Manual check required for exact country and category. | Latin America demand checks; pricing; seller competition; popularity trends; local product naming | https://tendencias.mercadolibre.com | https://listado.mercadolibre.com.mx/termo-botella
Argentina,,,Mercado Libre,availability,Availability,availability,Mercado Libre,https://www.mercadolibre.com,platform_data_source,2026-06-30,Trend pages are country-specific and may redirect by market. Manual check required for exact country and category. | Latin America demand checks; pricing; seller competition; popularity trends; local product naming | https://tendencias.mercadolibre.com | https://listado.mercadolibre.com.mx/termo-botella
Brazil,,,Mercado Libre,price,Price,availability,Mercado Libre,https://www.mercadolibre.com,platform_data_source,2026-06-30,Trend pages are country-specific and may redirect by market. Manual check required for exact country and category. | Latin America demand checks; pricing; seller competition; popularity trends; local product naming | https://tendencias.mercadolibre.com | https://listado.mercadolibre.com.mx/termo-botella
Brazil,,,Mercado Libre,rating,Rating,availability,Mercado Libre,https://www.mercadolibre.com,platform_data_source,2026-06-30,Trend pages are country-specific and may redirect by market. Manual check required for exact country and category. | Latin America demand checks; pricing; seller competition; popularity trends; local product naming | https://tendencias.mercadolibre.com | https://listado.mercadolibre.com.mx/termo-botella
Brazil,,,Mercado Libre,review_count,Review Count,availability,Mercado Libre,https://www.mercadolibre.com,platform_data_source,2026-06-30,Trend pages are country-specific and may redirect by market. Manual check required for exact country and category. | Latin America demand checks; pricing; seller competition; popularity trends; local product naming | https://tendencias.mercadolibre.com | https://listado.mercadolibre.com.mx/termo-botella
Brazil,,,Mercado Libre,sales_proxy,Sales Proxy,availability,Mercado Libre,https://www.mercadolibre.com,platform_data_source,2026-06-30,Trend pages are country-specific and may redirect by market. Manual check required for exact country and category. | Latin America demand checks; pricing; seller competition; popularity trends; local product naming | https://tendencias.mercadolibre.com | https://listado.mercadolibre.com.mx/termo-botella
Brazil,,,Mercado Libre,ranking,Ranking,availability,Mercado Libre,https://www.mercadolibre.com,platform_data_source,2026-06-30,Trend pages are country-specific and may redirect by market. Manual check required for exact country and category. | Latin America demand checks; pricing; seller competition; popularity trends; local product naming | https://tendencias.mercadolibre.com | https://listado.mercadolibre.com.mx/termo-botella
Brazil,,,Mercado Libre,brand,Brand,availability,Mercado Libre,https://www.mercadolibre.com,platform_data_source,2026-06-30,Trend pages are country-specific and may redirect by market. Manual check required for exact country and category. | Latin America demand checks; pricing; seller competition; popularity trends; local product naming | https://tendencias.mercadolibre.com | https://listado.mercadolibre.com.mx/termo-botella
Brazil,,,Mercado Libre,product_url,Product URL,availability,Mercado Libre,https://www.mercadolibre.com,platform_data_source,2026-06-30,Trend pages are country-specific and may redirect by market. Manual check required for exact country and category. | Latin America demand checks; pricing; seller competition; popularity trends; local product naming | https://tendencias.mercadolibre.com | https://listado.mercadolibre.com.mx/termo-botella
Brazil,,,Mercado Libre,seller,Seller,availability,Mercado Libre,https://www.mercadolibre.com,platform_data_source,2026-06-30,Trend pages are country-specific and may redirect by market. Manual check required for exact country and category. | Latin America demand checks; pricing; seller competition; popularity trends; local product naming | https://tendencias.mercadolibre.com | https://listado.mercadolibre.com.mx/termo-botella
Brazil,,,Mercado Libre,shipping_info,Shipping Info,availability,Mercado Libre,https://www.mercadolibre.com,platform_data_source,2026-06-30,Trend pages are country-specific and may redirect by market. Manual check required for exact country and category. | Latin America demand checks; pricing; seller competition; popularity trends; local product naming | https://tendencias.mercadolibre.com | https://listado.mercadolibre.com.mx/termo-botella
Brazil,,,Mercado Libre,promotion,Promotion,availability,Mercado Libre,https://www.mercadolibre.com,platform_data_source,2026-06-30,Trend pages are country-specific and may redirect by market. Manual check required for exact country and category. | Latin America demand checks; pricing; seller competition; popularity trends; local product naming | https://tendencias.mercadolibre.com | https://listado.mercadolibre.com.mx/termo-botella
Brazil,,,Mercado Libre,availability,Availability,availability,Mercado Libre,https://www.mercadolibre.com,platform_data_source,2026-06-30,Trend pages are country-specific and may redirect by market. Manual check required for exact country and category. | Latin America demand checks; pricing; seller competition; popularity trends; local product naming | https://tendencias.mercadolibre.com | https://listado.mercadolibre.com.mx/termo-botella
Mexico,,,Mercado Libre,price,Price,availability,Mercado Libre,https://www.mercadolibre.com,platform_data_source,2026-06-30,Trend pages are country-specific and may redirect by market. Manual check required for exact country and category. | Latin America demand checks; pricing; seller competition; popularity trends; local product naming | https://tendencias.mercadolibre.com | https://listado.mercadolibre.com.mx/termo-botella
Mexico,,,Mercado Libre,rating,Rating,availability,Mercado Libre,https://www.mercadolibre.com,platform_data_source,2026-06-30,Trend pages are country-specific and may redirect by market. Manual check required for exact country and category. | Latin America demand checks; pricing; seller competition; popularity trends; local product naming | https://tendencias.mercadolibre.com | https://listado.mercadolibre.com.mx/termo-botella
Mexico,,,Mercado Libre,review_count,Review Count,availability,Mercado Libre,https://www.mercadolibre.com,platform_data_source,2026-06-30,Trend pages are country-specific and may redirect by market. Manual check required for exact country and category. | Latin America demand checks; pricing; seller competition; popularity trends; local product naming | https://tendencias.mercadolibre.com | https://listado.mercadolibre.com.mx/termo-botella
Mexico,,,Mercado Libre,sales_proxy,Sales Proxy,availability,Mercado Libre,https://www.mercadolibre.com,platform_data_source,2026-06-30,Trend pages are country-specific and may redirect by market. Manual check required for exact country and category. | Latin America demand checks; pricing; seller competition; popularity trends; local product naming | https://tendencias.mercadolibre.com | https://listado.mercadolibre.com.mx/termo-botella
Mexico,,,Mercado Libre,ranking,Ranking,availability,Mercado Libre,https://www.mercadolibre.com,platform_data_source,2026-06-30,Trend pages are country-specific and may redirect by market. Manual check required for exact country and category. | Latin America demand checks; pricing; seller competition; popularity trends; local product naming | https://tendencias.mercadolibre.com | https://listado.mercadolibre.com.mx/termo-botella
Mexico,,,Mercado Libre,brand,Brand,availability,Mercado Libre,https://www.mercadolibre.com,platform_data_source,2026-06-30,Trend pages are country-specific and may redirect by market. Manual check required for exact country and category. | Latin America demand checks; pricing; seller competition; popularity trends; local product naming | https://tendencias.mercadolibre.com | https://listado.mercadolibre.com.mx/termo-botella
Mexico,,,Mercado Libre,product_url,Product URL,availability,Mercado Libre,https://www.mercadolibre.com,platform_data_source,2026-06-30,Trend pages are country-specific and may redirect by market. Manual check required for exact country and category. | Latin America demand checks; pricing; seller competition; popularity trends; local product naming | https://tendencias.mercadolibre.com | https://listado.mercadolibre.com.mx/termo-botella
Mexico,,,Mercado Libre,seller,Seller,availability,Mercado Libre,https://www.mercadolibre.com,platform_data_source,2026-06-30,Trend pages are country-specific and may redirect by market. Manual check required for exact country and category. | Latin America demand checks; pricing; seller competition; popularity trends; local product naming | https://tendencias.mercadolibre.com | https://listado.mercadolibre.com.mx/termo-botella
Mexico,,,Mercado Libre,shipping_info,Shipping Info,availability,Mercado Libre,https://www.mercadolibre.com,platform_data_source,2026-06-30,Trend pages are country-specific and may redirect by market. Manual check required for exact country and category. | Latin America demand checks; pricing; seller competition; popularity trends; local product naming | https://tendencias.mercadolibre.com | https://listado.mercadolibre.com.mx/termo-botella
Mexico,,,Mercado Libre,promotion,Promotion,availability,Mercado Libre,https://www.mercadolibre.com,platform_data_source,2026-06-30,Trend pages are country-specific and may redirect by market. Manual check required for exact country and category. | Latin America demand checks; pricing; seller competition; popularity trends; local product naming | https://tendencias.mercadolibre.com | https://listado.mercadolibre.com.mx/termo-botella
Mexico,,,Mercado Libre,availability,Availability,availability,Mercado Libre,https://www.mercadolibre.com,platform_data_source,2026-06-30,Trend pages are country-specific and may redirect by market. Manual check required for exact country and category. | Latin America demand checks; pricing; seller competition; popularity trends; local product naming | https://tendencias.mercadolibre.com | https://listado.mercadolibre.com.mx/termo-botella
Chile,,,Mercado Libre,price,Price,availability,Mercado Libre,https://www.mercadolibre.com,platform_data_source,2026-06-30,Trend pages are country-specific and may redirect by market. Manual check required for exact country and category. | Latin America demand checks; pricing; seller competition; popularity trends; local product naming | https://tendencias.mercadolibre.com | https://listado.mercadolibre.com.mx/termo-botella
Chile,,,Mercado Libre,rating,Rating,availability,Mercado Libre,https://www.mercadolibre.com,platform_data_source,2026-06-30,Trend pages are country-specific and may redirect by market. Manual check required for exact country and category. | Latin America demand checks; pricing; seller competition; popularity trends; local product naming | https://tendencias.mercadolibre.com | https://listado.mercadolibre.com.mx/termo-botella
Chile,,,Mercado Libre,review_count,Review Count,availability,Mercado Libre,https://www.mercadolibre.com,platform_data_source,2026-06-30,Trend pages are country-specific and may redirect by market. Manual check required for exact country and category. | Latin America demand checks; pricing; seller competition; popularity trends; local product naming | https://tendencias.mercadolibre.com | https://listado.mercadolibre.com.mx/termo-botella
Chile,,,Mercado Libre,sales_proxy,Sales Proxy,availability,Mercado Libre,https://www.mercadolibre.com,platform_data_source,2026-06-30,Trend pages are country-specific and may redirect by market. Manual check required for exact country and category. | Latin America demand checks; pricing; seller competition; popularity trends; local product naming | https://tendencias.mercadolibre.com | https://listado.mercadolibre.com.mx/termo-botella
Chile,,,Mercado Libre,ranking,Ranking,availability,Mercado Libre,https://www.mercadolibre.com,platform_data_source,2026-06-30,Trend pages are country-specific and may redirect by market. Manual check required for exact country and category. | Latin America demand checks; pricing; seller competition; popularity trends; local product naming | https://tendencias.mercadolibre.com | https://listado.mercadolibre.com.mx/termo-botella
Chile,,,Mercado Libre,brand,Brand,availability,Mercado Libre,https://www.mercadolibre.com,platform_data_source,2026-06-30,Trend pages are country-specific and may redirect by market. Manual check required for exact country and category. | Latin America demand checks; pricing; seller competition; popularity trends; local product naming | https://tendencias.mercadolibre.com | https://listado.mercadolibre.com.mx/termo-botella
Chile,,,Mercado Libre,product_url,Product URL,availability,Mercado Libre,https://www.mercadolibre.com,platform_data_source,2026-06-30,Trend pages are country-specific and may redirect by market. Manual check required for exact country and category. | Latin America demand checks; pricing; seller competition; popularity trends; local product naming | https://tendencias.mercadolibre.com | https://listado.mercadolibre.com.mx/termo-botella
Chile,,,Mercado Libre,seller,Seller,availability,Mercado Libre,https://www.mercadolibre.com,platform_data_source,2026-06-30,Trend pages are country-specific and may redirect by market. Manual check required for exact country and category. | Latin America demand checks; pricing; seller competition; popularity trends; local product naming | https://tendencias.mercadolibre.com | https://listado.mercadolibre.com.mx/termo-botella
Chile,,,Mercado Libre,shipping_info,Shipping Info,availability,Mercado Libre,https://www.mercadolibre.com,platform_data_source,2026-06-30,Trend pages are country-specific and may redirect by market. Manual check required for exact country and category. | Latin America demand checks; pricing; seller competition; popularity trends; local product naming | https://tendencias.mercadolibre.com | https://listado.mercadolibre.com.mx/termo-botella
Chile,,,Mercado Libre,promotion,Promotion,availability,Mercado Libre,https://www.mercadolibre.com,platform_data_source,2026-06-30,Trend pages are country-specific and may redirect by market. Manual check required for exact country and category. | Latin America demand checks; pricing; seller competition; popularity trends; local product naming | https://tendencias.mercadolibre.com | https://listado.mercadolibre.com.mx/termo-botella
Chile,,,Mercado Libre,availability,Availability,availability,Mercado Libre,https://www.mercadolibre.com,platform_data_source,2026-06-30,Trend pages are country-specific and may redirect by market. Manual check required for exact country and category. | Latin America demand checks; pricing; seller competition; popularity trends; local product naming | https://tendencias.mercadolibre.com | https://listado.mercadolibre.com.mx/termo-botella
Colombia,,,Mercado Libre,price,Price,availability,Mercado Libre,https://www.mercadolibre.com,platform_data_source,2026-06-30,Trend pages are country-specific and may redirect by market. Manual check required for exact country and category. | Latin America demand checks; pricing; seller competition; popularity trends; local product naming | https://tendencias.mercadolibre.com | https://listado.mercadolibre.com.mx/termo-botella
Colombia,,,Mercado Libre,rating,Rating,availability,Mercado Libre,https://www.mercadolibre.com,platform_data_source,2026-06-30,Trend pages are country-specific and may redirect by market. Manual check required for exact country and category. | Latin America demand checks; pricing; seller competition; popularity trends; local product naming | https://tendencias.mercadolibre.com | https://listado.mercadolibre.com.mx/termo-botella
Colombia,,,Mercado Libre,review_count,Review Count,availability,Mercado Libre,https://www.mercadolibre.com,platform_data_source,2026-06-30,Trend pages are country-specific and may redirect by market. Manual check required for exact country and category. | Latin America demand checks; pricing; seller competition; popularity trends; local product naming | https://tendencias.mercadolibre.com | https://listado.mercadolibre.com.mx/termo-botella
Colombia,,,Mercado Libre,sales_proxy,Sales Proxy,availability,Mercado Libre,https://www.mercadolibre.com,platform_data_source,2026-06-30,Trend pages are country-specific and may redirect by market. Manual check required for exact country and category. | Latin America demand checks; pricing; seller competition; popularity trends; local product naming | https://tendencias.mercadolibre.com | https://listado.mercadolibre.com.mx/termo-botella
Colombia,,,Mercado Libre,ranking,Ranking,availability,Mercado Libre,https://www.mercadolibre.com,platform_data_source,2026-06-30,Trend pages are country-specific and may redirect by market. Manual check required for exact country and category. | Latin America demand checks; pricing; seller competition; popularity trends; local product naming | https://tendencias.mercadolibre.com | https://listado.mercadolibre.com.mx/termo-botella
Colombia,,,Mercado Libre,brand,Brand,availability,Mercado Libre,https://www.mercadolibre.com,platform_data_source,2026-06-30,Trend pages are country-specific and may redirect by market. Manual check required for exact country and category. | Latin America demand checks; pricing; seller competition; popularity trends; local product naming | https://tendencias.mercadolibre.com | https://listado.mercadolibre.com.mx/termo-botella
Colombia,,,Mercado Libre,product_url,Product URL,availability,Mercado Libre,https://www.mercadolibre.com,platform_data_source,2026-06-30,Trend pages are country-specific and may redirect by market. Manual check required for exact country and category. | Latin America demand checks; pricing; seller competition; popularity trends; local product naming | https://tendencias.mercadolibre.com | https://listado.mercadolibre.com.mx/termo-botella
Colombia,,,Mercado Libre,seller,Seller,availability,Mercado Libre,https://www.mercadolibre.com,platform_data_source,2026-06-30,Trend pages are country-specific and may redirect by market. Manual check required for exact country and category. | Latin America demand checks; pricing; seller competition; popularity trends; local product naming | https://tendencias.mercadolibre.com | https://listado.mercadolibre.com.mx/termo-botella
Colombia,,,Mercado Libre,shipping_info,Shipping Info,availability,Mercado Libre,https://www.mercadolibre.com,platform_data_source,2026-06-30,Trend pages are country-specific and may redirect by market. Manual check required for exact country and category. | Latin America demand checks; pricing; seller competition; popularity trends; local product naming | https://tendencias.mercadolibre.com | https://listado.mercadolibre.com.mx/termo-botella
Colombia,,,Mercado Libre,promotion,Promotion,availability,Mercado Libre,https://www.mercadolibre.com,platform_data_source,2026-06-30,Trend pages are country-specific and may redirect by market. Manual check required for exact country and category. | Latin America demand checks; pricing; seller competition; popularity trends; local product naming | https://tendencias.mercadolibre.com | https://listado.mercadolibre.com.mx/termo-botella
Colombia,,,Mercado Libre,availability,Availability,availability,Mercado Libre,https://www.mercadolibre.com,platform_data_source,2026-06-30,Trend pages are country-specific and may redirect by market. Manual check required for exact country and category. | Latin America demand checks; pricing; seller competition; popularity trends; local product naming | https://tendencias.mercadolibre.com | https://listado.mercadolibre.com.mx/termo-botella
United States,,,Etsy,price,Price,availability,Etsy,https://www.etsy.com,platform_data_source,2026-06-30,"No official universal public bestseller page used here. Search and category pages can provide price, rating, review, and seller signals. | Handmade/custom/niche product discovery; small-seller competition; premium and personalization signals | https://www.etsy.com/search?q=insulated%20water%20bottle"
United States,,,Etsy,rating,Rating,availability,Etsy,https://www.etsy.com,platform_data_source,2026-06-30,"No official universal public bestseller page used here. Search and category pages can provide price, rating, review, and seller signals. | Handmade/custom/niche product discovery; small-seller competition; premium and personalization signals | https://www.etsy.com/search?q=insulated%20water%20bottle"
United States,,,Etsy,review_count,Review Count,availability,Etsy,https://www.etsy.com,platform_data_source,2026-06-30,"No official universal public bestseller page used here. Search and category pages can provide price, rating, review, and seller signals. | Handmade/custom/niche product discovery; small-seller competition; premium and personalization signals | https://www.etsy.com/search?q=insulated%20water%20bottle"
United States,,,Etsy,sales_proxy,Sales Proxy,availability,Etsy,https://www.etsy.com,platform_data_source,2026-06-30,"No official universal public bestseller page used here. Search and category pages can provide price, rating, review, and seller signals. | Handmade/custom/niche product discovery; small-seller competition; premium and personalization signals | https://www.etsy.com/search?q=insulated%20water%20bottle"
United States,,,Etsy,ranking,Ranking,availability,Etsy,https://www.etsy.com,platform_data_source,2026-06-30,"No official universal public bestseller page used here. Search and category pages can provide price, rating, review, and seller signals. | Handmade/custom/niche product discovery; small-seller competition; premium and personalization signals | https://www.etsy.com/search?q=insulated%20water%20bottle"
United States,,,Etsy,brand,Brand,availability,Etsy,https://www.etsy.com,platform_data_source,2026-06-30,"No official universal public bestseller page used here. Search and category pages can provide price, rating, review, and seller signals. | Handmade/custom/niche product discovery; small-seller competition; premium and personalization signals | https://www.etsy.com/search?q=insulated%20water%20bottle"
United States,,,Etsy,product_url,Product URL,availability,Etsy,https://www.etsy.com,platform_data_source,2026-06-30,"No official universal public bestseller page used here. Search and category pages can provide price, rating, review, and seller signals. | Handmade/custom/niche product discovery; small-seller competition; premium and personalization signals | https://www.etsy.com/search?q=insulated%20water%20bottle"
United States,,,Etsy,seller,Seller,availability,Etsy,https://www.etsy.com,platform_data_source,2026-06-30,"No official universal public bestseller page used here. Search and category pages can provide price, rating, review, and seller signals. | Handmade/custom/niche product discovery; small-seller competition; premium and personalization signals | https://www.etsy.com/search?q=insulated%20water%20bottle"
United States,,,Etsy,shipping_info,Shipping Info,availability,Etsy,https://www.etsy.com,platform_data_source,2026-06-30,"No official universal public bestseller page used here. Search and category pages can provide price, rating, review, and seller signals. | Handmade/custom/niche product discovery; small-seller competition; premium and personalization signals | https://www.etsy.com/search?q=insulated%20water%20bottle"
United States,,,Etsy,promotion,Promotion,availability,Etsy,https://www.etsy.com,platform_data_source,2026-06-30,"No official universal public bestseller page used here. Search and category pages can provide price, rating, review, and seller signals. | Handmade/custom/niche product discovery; small-seller competition; premium and personalization signals | https://www.etsy.com/search?q=insulated%20water%20bottle"
United States,,,Etsy,availability,Availability,availability,Etsy,https://www.etsy.com,platform_data_source,2026-06-30,"No official universal public bestseller page used here. Search and category pages can provide price, rating, review, and seller signals. | Handmade/custom/niche product discovery; small-seller competition; premium and personalization signals | https://www.etsy.com/search?q=insulated%20water%20bottle"
United Kingdom,,,Etsy,price,Price,availability,Etsy,https://www.etsy.com,platform_data_source,2026-06-30,"No official universal public bestseller page used here. Search and category pages can provide price, rating, review, and seller signals. | Handmade/custom/niche product discovery; small-seller competition; premium and personalization signals | https://www.etsy.com/search?q=insulated%20water%20bottle"
United Kingdom,,,Etsy,rating,Rating,availability,Etsy,https://www.etsy.com,platform_data_source,2026-06-30,"No official universal public bestseller page used here. Search and category pages can provide price, rating, review, and seller signals. | Handmade/custom/niche product discovery; small-seller competition; premium and personalization signals | https://www.etsy.com/search?q=insulated%20water%20bottle"
United Kingdom,,,Etsy,review_count,Review Count,availability,Etsy,https://www.etsy.com,platform_data_source,2026-06-30,"No official universal public bestseller page used here. Search and category pages can provide price, rating, review, and seller signals. | Handmade/custom/niche product discovery; small-seller competition; premium and personalization signals | https://www.etsy.com/search?q=insulated%20water%20bottle"
United Kingdom,,,Etsy,sales_proxy,Sales Proxy,availability,Etsy,https://www.etsy.com,platform_data_source,2026-06-30,"No official universal public bestseller page used here. Search and category pages can provide price, rating, review, and seller signals. | Handmade/custom/niche product discovery; small-seller competition; premium and personalization signals | https://www.etsy.com/search?q=insulated%20water%20bottle"
United Kingdom,,,Etsy,ranking,Ranking,availability,Etsy,https://www.etsy.com,platform_data_source,2026-06-30,"No official universal public bestseller page used here. Search and category pages can provide price, rating, review, and seller signals. | Handmade/custom/niche product discovery; small-seller competition; premium and personalization signals | https://www.etsy.com/search?q=insulated%20water%20bottle"
United Kingdom,,,Etsy,brand,Brand,availability,Etsy,https://www.etsy.com,platform_data_source,2026-06-30,"No official universal public bestseller page used here. Search and category pages can provide price, rating, review, and seller signals. | Handmade/custom/niche product discovery; small-seller competition; premium and personalization signals | https://www.etsy.com/search?q=insulated%20water%20bottle"
United Kingdom,,,Etsy,product_url,Product URL,availability,Etsy,https://www.etsy.com,platform_data_source,2026-06-30,"No official universal public bestseller page used here. Search and category pages can provide price, rating, review, and seller signals. | Handmade/custom/niche product discovery; small-seller competition; premium and personalization signals | https://www.etsy.com/search?q=insulated%20water%20bottle"
United Kingdom,,,Etsy,seller,Seller,availability,Etsy,https://www.etsy.com,platform_data_source,2026-06-30,"No official universal public bestseller page used here. Search and category pages can provide price, rating, review, and seller signals. | Handmade/custom/niche product discovery; small-seller competition; premium and personalization signals | https://www.etsy.com/search?q=insulated%20water%20bottle"
United Kingdom,,,Etsy,shipping_info,Shipping Info,availability,Etsy,https://www.etsy.com,platform_data_source,2026-06-30,"No official universal public bestseller page used here. Search and category pages can provide price, rating, review, and seller signals. | Handmade/custom/niche product discovery; small-seller competition; premium and personalization signals | https://www.etsy.com/search?q=insulated%20water%20bottle"
United Kingdom,,,Etsy,promotion,Promotion,availability,Etsy,https://www.etsy.com,platform_data_source,2026-06-30,"No official universal public bestseller page used here. Search and category pages can provide price, rating, review, and seller signals. | Handmade/custom/niche product discovery; small-seller competition; premium and personalization signals | https://www.etsy.com/search?q=insulated%20water%20bottle"
United Kingdom,,,Etsy,availability,Availability,availability,Etsy,https://www.etsy.com,platform_data_source,2026-06-30,"No official universal public bestseller page used here. Search and category pages can provide price, rating, review, and seller signals. | Handmade/custom/niche product discovery; small-seller competition; premium and personalization signals | https://www.etsy.com/search?q=insulated%20water%20bottle"
Canada,,,Etsy,price,Price,availability,Etsy,https://www.etsy.com,platform_data_source,2026-06-30,"No official universal public bestseller page used here. Search and category pages can provide price, rating, review, and seller signals. | Handmade/custom/niche product discovery; small-seller competition; premium and personalization signals | https://www.etsy.com/search?q=insulated%20water%20bottle"
Canada,,,Etsy,rating,Rating,availability,Etsy,https://www.etsy.com,platform_data_source,2026-06-30,"No official universal public bestseller page used here. Search and category pages can provide price, rating, review, and seller signals. | Handmade/custom/niche product discovery; small-seller competition; premium and personalization signals | https://www.etsy.com/search?q=insulated%20water%20bottle"
Canada,,,Etsy,review_count,Review Count,availability,Etsy,https://www.etsy.com,platform_data_source,2026-06-30,"No official universal public bestseller page used here. Search and category pages can provide price, rating, review, and seller signals. | Handmade/custom/niche product discovery; small-seller competition; premium and personalization signals | https://www.etsy.com/search?q=insulated%20water%20bottle"
Canada,,,Etsy,sales_proxy,Sales Proxy,availability,Etsy,https://www.etsy.com,platform_data_source,2026-06-30,"No official universal public bestseller page used here. Search and category pages can provide price, rating, review, and seller signals. | Handmade/custom/niche product discovery; small-seller competition; premium and personalization signals | https://www.etsy.com/search?q=insulated%20water%20bottle"
Canada,,,Etsy,ranking,Ranking,availability,Etsy,https://www.etsy.com,platform_data_source,2026-06-30,"No official universal public bestseller page used here. Search and category pages can provide price, rating, review, and seller signals. | Handmade/custom/niche product discovery; small-seller competition; premium and personalization signals | https://www.etsy.com/search?q=insulated%20water%20bottle"
Canada,,,Etsy,brand,Brand,availability,Etsy,https://www.etsy.com,platform_data_source,2026-06-30,"No official universal public bestseller page used here. Search and category pages can provide price, rating, review, and seller signals. | Handmade/custom/niche product discovery; small-seller competition; premium and personalization signals | https://www.etsy.com/search?q=insulated%20water%20bottle"
Canada,,,Etsy,product_url,Product URL,availability,Etsy,https://www.etsy.com,platform_data_source,2026-06-30,"No official universal public bestseller page used here. Search and category pages can provide price, rating, review, and seller signals. | Handmade/custom/niche product discovery; small-seller competition; premium and personalization signals | https://www.etsy.com/search?q=insulated%20water%20bottle"
Canada,,,Etsy,seller,Seller,availability,Etsy,https://www.etsy.com,platform_data_source,2026-06-30,"No official universal public bestseller page used here. Search and category pages can provide price, rating, review, and seller signals. | Handmade/custom/niche product discovery; small-seller competition; premium and personalization signals | https://www.etsy.com/search?q=insulated%20water%20bottle"
Canada,,,Etsy,shipping_info,Shipping Info,availability,Etsy,https://www.etsy.com,platform_data_source,2026-06-30,"No official universal public bestseller page used here. Search and category pages can provide price, rating, review, and seller signals. | Handmade/custom/niche product discovery; small-seller competition; premium and personalization signals | https://www.etsy.com/search?q=insulated%20water%20bottle"
Canada,,,Etsy,promotion,Promotion,availability,Etsy,https://www.etsy.com,platform_data_source,2026-06-30,"No official universal public bestseller page used here. Search and category pages can provide price, rating, review, and seller signals. | Handmade/custom/niche product discovery; small-seller competition; premium and personalization signals | https://www.etsy.com/search?q=insulated%20water%20bottle"
Canada,,,Etsy,availability,Availability,availability,Etsy,https://www.etsy.com,platform_data_source,2026-06-30,"No official universal public bestseller page used here. Search and category pages can provide price, rating, review, and seller signals. | Handmade/custom/niche product discovery; small-seller competition; premium and personalization signals | https://www.etsy.com/search?q=insulated%20water%20bottle"
Australia,,,Etsy,price,Price,availability,Etsy,https://www.etsy.com,platform_data_source,2026-06-30,"No official universal public bestseller page used here. Search and category pages can provide price, rating, review, and seller signals. | Handmade/custom/niche product discovery; small-seller competition; premium and personalization signals | https://www.etsy.com/search?q=insulated%20water%20bottle"
Australia,,,Etsy,rating,Rating,availability,Etsy,https://www.etsy.com,platform_data_source,2026-06-30,"No official universal public bestseller page used here. Search and category pages can provide price, rating, review, and seller signals. | Handmade/custom/niche product discovery; small-seller competition; premium and personalization signals | https://www.etsy.com/search?q=insulated%20water%20bottle"
Australia,,,Etsy,review_count,Review Count,availability,Etsy,https://www.etsy.com,platform_data_source,2026-06-30,"No official universal public bestseller page used here. Search and category pages can provide price, rating, review, and seller signals. | Handmade/custom/niche product discovery; small-seller competition; premium and personalization signals | https://www.etsy.com/search?q=insulated%20water%20bottle"
Australia,,,Etsy,sales_proxy,Sales Proxy,availability,Etsy,https://www.etsy.com,platform_data_source,2026-06-30,"No official universal public bestseller page used here. Search and category pages can provide price, rating, review, and seller signals. | Handmade/custom/niche product discovery; small-seller competition; premium and personalization signals | https://www.etsy.com/search?q=insulated%20water%20bottle"
Australia,,,Etsy,ranking,Ranking,availability,Etsy,https://www.etsy.com,platform_data_source,2026-06-30,"No official universal public bestseller page used here. Search and category pages can provide price, rating, review, and seller signals. | Handmade/custom/niche product discovery; small-seller competition; premium and personalization signals | https://www.etsy.com/search?q=insulated%20water%20bottle"
Australia,,,Etsy,brand,Brand,availability,Etsy,https://www.etsy.com,platform_data_source,2026-06-30,"No official universal public bestseller page used here. Search and category pages can provide price, rating, review, and seller signals. | Handmade/custom/niche product discovery; small-seller competition; premium and personalization signals | https://www.etsy.com/search?q=insulated%20water%20bottle"
Australia,,,Etsy,product_url,Product URL,availability,Etsy,https://www.etsy.com,platform_data_source,2026-06-30,"No official universal public bestseller page used here. Search and category pages can provide price, rating, review, and seller signals. | Handmade/custom/niche product discovery; small-seller competition; premium and personalization signals | https://www.etsy.com/search?q=insulated%20water%20bottle"
Australia,,,Etsy,seller,Seller,availability,Etsy,https://www.etsy.com,platform_data_source,2026-06-30,"No official universal public bestseller page used here. Search and category pages can provide price, rating, review, and seller signals. | Handmade/custom/niche product discovery; small-seller competition; premium and personalization signals | https://www.etsy.com/search?q=insulated%20water%20bottle"
Australia,,,Etsy,shipping_info,Shipping Info,availability,Etsy,https://www.etsy.com,platform_data_source,2026-06-30,"No official universal public bestseller page used here. Search and category pages can provide price, rating, review, and seller signals. | Handmade/custom/niche product discovery; small-seller competition; premium and personalization signals | https://www.etsy.com/search?q=insulated%20water%20bottle"
Australia,,,Etsy,promotion,Promotion,availability,Etsy,https://www.etsy.com,platform_data_source,2026-06-30,"No official universal public bestseller page used here. Search and category pages can provide price, rating, review, and seller signals. | Handmade/custom/niche product discovery; small-seller competition; premium and personalization signals | https://www.etsy.com/search?q=insulated%20water%20bottle"
Australia,,,Etsy,availability,Availability,availability,Etsy,https://www.etsy.com,platform_data_source,2026-06-30,"No official universal public bestseller page used here. Search and category pages can provide price, rating, review, and seller signals. | Handmade/custom/niche product discovery; small-seller competition; premium and personalization signals | https://www.etsy.com/search?q=insulated%20water%20bottle"
Eu,,,Etsy,price,Price,availability,Etsy,https://www.etsy.com,platform_data_source,2026-06-30,"No official universal public bestseller page used here. Search and category pages can provide price, rating, review, and seller signals. | Handmade/custom/niche product discovery; small-seller competition; premium and personalization signals | https://www.etsy.com/search?q=insulated%20water%20bottle"
Eu,,,Etsy,rating,Rating,availability,Etsy,https://www.etsy.com,platform_data_source,2026-06-30,"No official universal public bestseller page used here. Search and category pages can provide price, rating, review, and seller signals. | Handmade/custom/niche product discovery; small-seller competition; premium and personalization signals | https://www.etsy.com/search?q=insulated%20water%20bottle"
Eu,,,Etsy,review_count,Review Count,availability,Etsy,https://www.etsy.com,platform_data_source,2026-06-30,"No official universal public bestseller page used here. Search and category pages can provide price, rating, review, and seller signals. | Handmade/custom/niche product discovery; small-seller competition; premium and personalization signals | https://www.etsy.com/search?q=insulated%20water%20bottle"
Eu,,,Etsy,sales_proxy,Sales Proxy,availability,Etsy,https://www.etsy.com,platform_data_source,2026-06-30,"No official universal public bestseller page used here. Search and category pages can provide price, rating, review, and seller signals. | Handmade/custom/niche product discovery; small-seller competition; premium and personalization signals | https://www.etsy.com/search?q=insulated%20water%20bottle"
Eu,,,Etsy,ranking,Ranking,availability,Etsy,https://www.etsy.com,platform_data_source,2026-06-30,"No official universal public bestseller page used here. Search and category pages can provide price, rating, review, and seller signals. | Handmade/custom/niche product discovery; small-seller competition; premium and personalization signals | https://www.etsy.com/search?q=insulated%20water%20bottle"
Eu,,,Etsy,brand,Brand,availability,Etsy,https://www.etsy.com,platform_data_source,2026-06-30,"No official universal public bestseller page used here. Search and category pages can provide price, rating, review, and seller signals. | Handmade/custom/niche product discovery; small-seller competition; premium and personalization signals | https://www.etsy.com/search?q=insulated%20water%20bottle"
Eu,,,Etsy,product_url,Product URL,availability,Etsy,https://www.etsy.com,platform_data_source,2026-06-30,"No official universal public bestseller page used here. Search and category pages can provide price, rating, review, and seller signals. | Handmade/custom/niche product discovery; small-seller competition; premium and personalization signals | https://www.etsy.com/search?q=insulated%20water%20bottle"
Eu,,,Etsy,seller,Seller,availability,Etsy,https://www.etsy.com,platform_data_source,2026-06-30,"No official universal public bestseller page used here. Search and category pages can provide price, rating, review, and seller signals. | Handmade/custom/niche product discovery; small-seller competition; premium and personalization signals | https://www.etsy.com/search?q=insulated%20water%20bottle"
Eu,,,Etsy,shipping_info,Shipping Info,availability,Etsy,https://www.etsy.com,platform_data_source,2026-06-30,"No official universal public bestseller page used here. Search and category pages can provide price, rating, review, and seller signals. | Handmade/custom/niche product discovery; small-seller competition; premium and personalization signals | https://www.etsy.com/search?q=insulated%20water%20bottle"
Eu,,,Etsy,promotion,Promotion,availability,Etsy,https://www.etsy.com,platform_data_source,2026-06-30,"No official universal public bestseller page used here. Search and category pages can provide price, rating, review, and seller signals. | Handmade/custom/niche product discovery; small-seller competition; premium and personalization signals | https://www.etsy.com/search?q=insulated%20water%20bottle"
Eu,,,Etsy,availability,Availability,availability,Etsy,https://www.etsy.com,platform_data_source,2026-06-30,"No official universal public bestseller page used here. Search and category pages can provide price, rating, review, and seller signals. | Handmade/custom/niche product discovery; small-seller competition; premium and personalization signals | https://www.etsy.com/search?q=insulated%20water%20bottle"
Global buyers,,,AliExpress,price,Price,availability,AliExpress,https://www.aliexpress.com,platform_data_source,2026-06-30,"Product pages may show order count or popularity proxies, but ranking pages vary and are not stable enough to list as a universal source. | Cross-border price floors; supplier competition; shipping lead time; review and order-count proxy checks | https://www.aliexpress.com/w/wholesale-insulated-water-bottle.html"
Global buyers,,,AliExpress,rating,Rating,availability,AliExpress,https://www.aliexpress.com,platform_data_source,2026-06-30,"Product pages may show order count or popularity proxies, but ranking pages vary and are not stable enough to list as a universal source. | Cross-border price floors; supplier competition; shipping lead time; review and order-count proxy checks | https://www.aliexpress.com/w/wholesale-insulated-water-bottle.html"
Global buyers,,,AliExpress,review_count,Review Count,availability,AliExpress,https://www.aliexpress.com,platform_data_source,2026-06-30,"Product pages may show order count or popularity proxies, but ranking pages vary and are not stable enough to list as a universal source. | Cross-border price floors; supplier competition; shipping lead time; review and order-count proxy checks | https://www.aliexpress.com/w/wholesale-insulated-water-bottle.html"
Global buyers,,,AliExpress,sales_proxy,Sales Proxy,availability,AliExpress,https://www.aliexpress.com,platform_data_source,2026-06-30,"Product pages may show order count or popularity proxies, but ranking pages vary and are not stable enough to list as a universal source. | Cross-border price floors; supplier competition; shipping lead time; review and order-count proxy checks | https://www.aliexpress.com/w/wholesale-insulated-water-bottle.html"
Global buyers,,,AliExpress,ranking,Ranking,availability,AliExpress,https://www.aliexpress.com,platform_data_source,2026-06-30,"Product pages may show order count or popularity proxies, but ranking pages vary and are not stable enough to list as a universal source. | Cross-border price floors; supplier competition; shipping lead time; review and order-count proxy checks | https://www.aliexpress.com/w/wholesale-insulated-water-bottle.html"
Global buyers,,,AliExpress,brand,Brand,availability,AliExpress,https://www.aliexpress.com,platform_data_source,2026-06-30,"Product pages may show order count or popularity proxies, but ranking pages vary and are not stable enough to list as a universal source. | Cross-border price floors; supplier competition; shipping lead time; review and order-count proxy checks | https://www.aliexpress.com/w/wholesale-insulated-water-bottle.html"
Global buyers,,,AliExpress,product_url,Product URL,availability,AliExpress,https://www.aliexpress.com,platform_data_source,2026-06-30,"Product pages may show order count or popularity proxies, but ranking pages vary and are not stable enough to list as a universal source. | Cross-border price floors; supplier competition; shipping lead time; review and order-count proxy checks | https://www.aliexpress.com/w/wholesale-insulated-water-bottle.html"
Global buyers,,,AliExpress,seller,Seller,availability,AliExpress,https://www.aliexpress.com,platform_data_source,2026-06-30,"Product pages may show order count or popularity proxies, but ranking pages vary and are not stable enough to list as a universal source. | Cross-border price floors; supplier competition; shipping lead time; review and order-count proxy checks | https://www.aliexpress.com/w/wholesale-insulated-water-bottle.html"
Global buyers,,,AliExpress,shipping_info,Shipping Info,availability,AliExpress,https://www.aliexpress.com,platform_data_source,2026-06-30,"Product pages may show order count or popularity proxies, but ranking pages vary and are not stable enough to list as a universal source. | Cross-border price floors; supplier competition; shipping lead time; review and order-count proxy checks | https://www.aliexpress.com/w/wholesale-insulated-water-bottle.html"
Global buyers,,,AliExpress,promotion,Promotion,availability,AliExpress,https://www.aliexpress.com,platform_data_source,2026-06-30,"Product pages may show order count or popularity proxies, but ranking pages vary and are not stable enough to list as a universal source. | Cross-border price floors; supplier competition; shipping lead time; review and order-count proxy checks | https://www.aliexpress.com/w/wholesale-insulated-water-bottle.html"
Global buyers,,,AliExpress,availability,Availability,availability,AliExpress,https://www.aliexpress.com,platform_data_source,2026-06-30,"Product pages may show order count or popularity proxies, but ranking pages vary and are not stable enough to list as a universal source. | Cross-border price floors; supplier competition; shipping lead time; review and order-count proxy checks | https://www.aliexpress.com/w/wholesale-insulated-water-bottle.html"
China-based sellers,,,AliExpress,price,Price,availability,AliExpress,https://www.aliexpress.com,platform_data_source,2026-06-30,"Product pages may show order count or popularity proxies, but ranking pages vary and are not stable enough to list as a universal source. | Cross-border price floors; supplier competition; shipping lead time; review and order-count proxy checks | https://www.aliexpress.com/w/wholesale-insulated-water-bottle.html"
China-based sellers,,,AliExpress,rating,Rating,availability,AliExpress,https://www.aliexpress.com,platform_data_source,2026-06-30,"Product pages may show order count or popularity proxies, but ranking pages vary and are not stable enough to list as a universal source. | Cross-border price floors; supplier competition; shipping lead time; review and order-count proxy checks | https://www.aliexpress.com/w/wholesale-insulated-water-bottle.html"
China-based sellers,,,AliExpress,review_count,Review Count,availability,AliExpress,https://www.aliexpress.com,platform_data_source,2026-06-30,"Product pages may show order count or popularity proxies, but ranking pages vary and are not stable enough to list as a universal source. | Cross-border price floors; supplier competition; shipping lead time; review and order-count proxy checks | https://www.aliexpress.com/w/wholesale-insulated-water-bottle.html"
China-based sellers,,,AliExpress,sales_proxy,Sales Proxy,availability,AliExpress,https://www.aliexpress.com,platform_data_source,2026-06-30,"Product pages may show order count or popularity proxies, but ranking pages vary and are not stable enough to list as a universal source. | Cross-border price floors; supplier competition; shipping lead time; review and order-count proxy checks | https://www.aliexpress.com/w/wholesale-insulated-water-bottle.html"
China-based sellers,,,AliExpress,ranking,Ranking,availability,AliExpress,https://www.aliexpress.com,platform_data_source,2026-06-30,"Product pages may show order count or popularity proxies, but ranking pages vary and are not stable enough to list as a universal source. | Cross-border price floors; supplier competition; shipping lead time; review and order-count proxy checks | https://www.aliexpress.com/w/wholesale-insulated-water-bottle.html"
China-based sellers,,,AliExpress,brand,Brand,availability,AliExpress,https://www.aliexpress.com,platform_data_source,2026-06-30,"Product pages may show order count or popularity proxies, but ranking pages vary and are not stable enough to list as a universal source. | Cross-border price floors; supplier competition; shipping lead time; review and order-count proxy checks | https://www.aliexpress.com/w/wholesale-insulated-water-bottle.html"
China-based sellers,,,AliExpress,product_url,Product URL,availability,AliExpress,https://www.aliexpress.com,platform_data_source,2026-06-30,"Product pages may show order count or popularity proxies, but ranking pages vary and are not stable enough to list as a universal source. | Cross-border price floors; supplier competition; shipping lead time; review and order-count proxy checks | https://www.aliexpress.com/w/wholesale-insulated-water-bottle.html"
China-based sellers,,,AliExpress,seller,Seller,availability,AliExpress,https://www.aliexpress.com,platform_data_source,2026-06-30,"Product pages may show order count or popularity proxies, but ranking pages vary and are not stable enough to list as a universal source. | Cross-border price floors; supplier competition; shipping lead time; review and order-count proxy checks | https://www.aliexpress.com/w/wholesale-insulated-water-bottle.html"
China-based sellers,,,AliExpress,shipping_info,Shipping Info,availability,AliExpress,https://www.aliexpress.com,platform_data_source,2026-06-30,"Product pages may show order count or popularity proxies, but ranking pages vary and are not stable enough to list as a universal source. | Cross-border price floors; supplier competition; shipping lead time; review and order-count proxy checks | https://www.aliexpress.com/w/wholesale-insulated-water-bottle.html"
China-based sellers,,,AliExpress,promotion,Promotion,availability,AliExpress,https://www.aliexpress.com,platform_data_source,2026-06-30,"Product pages may show order count or popularity proxies, but ranking pages vary and are not stable enough to list as a universal source. | Cross-border price floors; supplier competition; shipping lead time; review and order-count proxy checks | https://www.aliexpress.com/w/wholesale-insulated-water-bottle.html"
China-based sellers,,,AliExpress,availability,Availability,availability,AliExpress,https://www.aliexpress.com,platform_data_source,2026-06-30,"Product pages may show order count or popularity proxies, but ranking pages vary and are not stable enough to list as a universal source. | Cross-border price floors; supplier competition; shipping lead time; review and order-count proxy checks | https://www.aliexpress.com/w/wholesale-insulated-water-bottle.html"
Mainland China,,,Taobao,price,Price,availability,Taobao,https://www.taobao.com,platform_data_source,2026-06-30,Access and product detail visibility may require login or local network conditions. No stable public bestseller URL listed. | China C2C/B2C price discovery; long-tail product styles; seller and review signals | https://s.taobao.com/search?q=%E4%BF%9D%E6%B8%A9%E6%9D%AF
Mainland China,,,Taobao,rating,Rating,availability,Taobao,https://www.taobao.com,platform_data_source,2026-06-30,Access and product detail visibility may require login or local network conditions. No stable public bestseller URL listed. | China C2C/B2C price discovery; long-tail product styles; seller and review signals | https://s.taobao.com/search?q=%E4%BF%9D%E6%B8%A9%E6%9D%AF
Mainland China,,,Taobao,review_count,Review Count,availability,Taobao,https://www.taobao.com,platform_data_source,2026-06-30,Access and product detail visibility may require login or local network conditions. No stable public bestseller URL listed. | China C2C/B2C price discovery; long-tail product styles; seller and review signals | https://s.taobao.com/search?q=%E4%BF%9D%E6%B8%A9%E6%9D%AF
Mainland China,,,Taobao,sales_proxy,Sales Proxy,availability,Taobao,https://www.taobao.com,platform_data_source,2026-06-30,Access and product detail visibility may require login or local network conditions. No stable public bestseller URL listed. | China C2C/B2C price discovery; long-tail product styles; seller and review signals | https://s.taobao.com/search?q=%E4%BF%9D%E6%B8%A9%E6%9D%AF
Mainland China,,,Taobao,ranking,Ranking,availability,Taobao,https://www.taobao.com,platform_data_source,2026-06-30,Access and product detail visibility may require login or local network conditions. No stable public bestseller URL listed. | China C2C/B2C price discovery; long-tail product styles; seller and review signals | https://s.taobao.com/search?q=%E4%BF%9D%E6%B8%A9%E6%9D%AF
Mainland China,,,Taobao,brand,Brand,availability,Taobao,https://www.taobao.com,platform_data_source,2026-06-30,Access and product detail visibility may require login or local network conditions. No stable public bestseller URL listed. | China C2C/B2C price discovery; long-tail product styles; seller and review signals | https://s.taobao.com/search?q=%E4%BF%9D%E6%B8%A9%E6%9D%AF
Mainland China,,,Taobao,product_url,Product URL,availability,Taobao,https://www.taobao.com,platform_data_source,2026-06-30,Access and product detail visibility may require login or local network conditions. No stable public bestseller URL listed. | China C2C/B2C price discovery; long-tail product styles; seller and review signals | https://s.taobao.com/search?q=%E4%BF%9D%E6%B8%A9%E6%9D%AF
Mainland China,,,Taobao,seller,Seller,availability,Taobao,https://www.taobao.com,platform_data_source,2026-06-30,Access and product detail visibility may require login or local network conditions. No stable public bestseller URL listed. | China C2C/B2C price discovery; long-tail product styles; seller and review signals | https://s.taobao.com/search?q=%E4%BF%9D%E6%B8%A9%E6%9D%AF
Mainland China,,,Taobao,shipping_info,Shipping Info,availability,Taobao,https://www.taobao.com,platform_data_source,2026-06-30,Access and product detail visibility may require login or local network conditions. No stable public bestseller URL listed. | China C2C/B2C price discovery; long-tail product styles; seller and review signals | https://s.taobao.com/search?q=%E4%BF%9D%E6%B8%A9%E6%9D%AF
Mainland China,,,Taobao,promotion,Promotion,availability,Taobao,https://www.taobao.com,platform_data_source,2026-06-30,Access and product detail visibility may require login or local network conditions. No stable public bestseller URL listed. | China C2C/B2C price discovery; long-tail product styles; seller and review signals | https://s.taobao.com/search?q=%E4%BF%9D%E6%B8%A9%E6%9D%AF
Mainland China,,,Taobao,availability,Availability,availability,Taobao,https://www.taobao.com,platform_data_source,2026-06-30,Access and product detail visibility may require login or local network conditions. No stable public bestseller URL listed. | China C2C/B2C price discovery; long-tail product styles; seller and review signals | https://s.taobao.com/search?q=%E4%BF%9D%E6%B8%A9%E6%9D%AF
Mainland China,,,JD.com,price,Price,availability,JD.com,https://www.jd.com,platform_data_source,2026-06-30,"JD ranking portal exists, but exact category ranking URLs should be manually checked for the target product category. | China B2C pricing; official brand stores; ranking; reviews; logistics and delivery information | https://phb.jd.com | https://search.jd.com/Search?keyword=%E4%BF%9D%E6%B8%A9%E6%9D%AF"
Mainland China,,,JD.com,rating,Rating,availability,JD.com,https://www.jd.com,platform_data_source,2026-06-30,"JD ranking portal exists, but exact category ranking URLs should be manually checked for the target product category. | China B2C pricing; official brand stores; ranking; reviews; logistics and delivery information | https://phb.jd.com | https://search.jd.com/Search?keyword=%E4%BF%9D%E6%B8%A9%E6%9D%AF"
Mainland China,,,JD.com,review_count,Review Count,availability,JD.com,https://www.jd.com,platform_data_source,2026-06-30,"JD ranking portal exists, but exact category ranking URLs should be manually checked for the target product category. | China B2C pricing; official brand stores; ranking; reviews; logistics and delivery information | https://phb.jd.com | https://search.jd.com/Search?keyword=%E4%BF%9D%E6%B8%A9%E6%9D%AF"
Mainland China,,,JD.com,sales_proxy,Sales Proxy,availability,JD.com,https://www.jd.com,platform_data_source,2026-06-30,"JD ranking portal exists, but exact category ranking URLs should be manually checked for the target product category. | China B2C pricing; official brand stores; ranking; reviews; logistics and delivery information | https://phb.jd.com | https://search.jd.com/Search?keyword=%E4%BF%9D%E6%B8%A9%E6%9D%AF"
Mainland China,,,JD.com,ranking,Ranking,availability,JD.com,https://www.jd.com,platform_data_source,2026-06-30,"JD ranking portal exists, but exact category ranking URLs should be manually checked for the target product category. | China B2C pricing; official brand stores; ranking; reviews; logistics and delivery information | https://phb.jd.com | https://search.jd.com/Search?keyword=%E4%BF%9D%E6%B8%A9%E6%9D%AF"
Mainland China,,,JD.com,brand,Brand,availability,JD.com,https://www.jd.com,platform_data_source,2026-06-30,"JD ranking portal exists, but exact category ranking URLs should be manually checked for the target product category. | China B2C pricing; official brand stores; ranking; reviews; logistics and delivery information | https://phb.jd.com | https://search.jd.com/Search?keyword=%E4%BF%9D%E6%B8%A9%E6%9D%AF"
Mainland China,,,JD.com,product_url,Product URL,availability,JD.com,https://www.jd.com,platform_data_source,2026-06-30,"JD ranking portal exists, but exact category ranking URLs should be manually checked for the target product category. | China B2C pricing; official brand stores; ranking; reviews; logistics and delivery information | https://phb.jd.com | https://search.jd.com/Search?keyword=%E4%BF%9D%E6%B8%A9%E6%9D%AF"
Mainland China,,,JD.com,seller,Seller,availability,JD.com,https://www.jd.com,platform_data_source,2026-06-30,"JD ranking portal exists, but exact category ranking URLs should be manually checked for the target product category. | China B2C pricing; official brand stores; ranking; reviews; logistics and delivery information | https://phb.jd.com | https://search.jd.com/Search?keyword=%E4%BF%9D%E6%B8%A9%E6%9D%AF"
Mainland China,,,JD.com,shipping_info,Shipping Info,availability,JD.com,https://www.jd.com,platform_data_source,2026-06-30,"JD ranking portal exists, but exact category ranking URLs should be manually checked for the target product category. | China B2C pricing; official brand stores; ranking; reviews; logistics and delivery information | https://phb.jd.com | https://search.jd.com/Search?keyword=%E4%BF%9D%E6%B8%A9%E6%9D%AF"
Mainland China,,,JD.com,promotion,Promotion,availability,JD.com,https://www.jd.com,platform_data_source,2026-06-30,"JD ranking portal exists, but exact category ranking URLs should be manually checked for the target product category. | China B2C pricing; official brand stores; ranking; reviews; logistics and delivery information | https://phb.jd.com | https://search.jd.com/Search?keyword=%E4%BF%9D%E6%B8%A9%E6%9D%AF"
Mainland China,,,JD.com,availability,Availability,availability,JD.com,https://www.jd.com,platform_data_source,2026-06-30,"JD ranking portal exists, but exact category ranking URLs should be manually checked for the target product category. | China B2C pricing; official brand stores; ranking; reviews; logistics and delivery information | https://phb.jd.com | https://search.jd.com/Search?keyword=%E4%BF%9D%E6%B8%A9%E6%9D%AF"
Mainland China,,,Pinduoduo,price,Price,availability,Pinduoduo,https://www.pinduoduo.com,platform_data_source,2026-06-30,Public web access is mobile/app oriented and may require manual check. No stable public bestseller URL listed. | China value-price benchmarking; group-buying signals; discount and promotion tracking | https://mobile.yangkeduo.com/search_result.html?search_key=%E4%BF%9D%E6%B8%A9%E6%9D%AF
Mainland China,,,Pinduoduo,rating,Rating,availability,Pinduoduo,https://www.pinduoduo.com,platform_data_source,2026-06-30,Public web access is mobile/app oriented and may require manual check. No stable public bestseller URL listed. | China value-price benchmarking; group-buying signals; discount and promotion tracking | https://mobile.yangkeduo.com/search_result.html?search_key=%E4%BF%9D%E6%B8%A9%E6%9D%AF
Mainland China,,,Pinduoduo,review_count,Review Count,availability,Pinduoduo,https://www.pinduoduo.com,platform_data_source,2026-06-30,Public web access is mobile/app oriented and may require manual check. No stable public bestseller URL listed. | China value-price benchmarking; group-buying signals; discount and promotion tracking | https://mobile.yangkeduo.com/search_result.html?search_key=%E4%BF%9D%E6%B8%A9%E6%9D%AF
Mainland China,,,Pinduoduo,sales_proxy,Sales Proxy,availability,Pinduoduo,https://www.pinduoduo.com,platform_data_source,2026-06-30,Public web access is mobile/app oriented and may require manual check. No stable public bestseller URL listed. | China value-price benchmarking; group-buying signals; discount and promotion tracking | https://mobile.yangkeduo.com/search_result.html?search_key=%E4%BF%9D%E6%B8%A9%E6%9D%AF
Mainland China,,,Pinduoduo,ranking,Ranking,availability,Pinduoduo,https://www.pinduoduo.com,platform_data_source,2026-06-30,Public web access is mobile/app oriented and may require manual check. No stable public bestseller URL listed. | China value-price benchmarking; group-buying signals; discount and promotion tracking | https://mobile.yangkeduo.com/search_result.html?search_key=%E4%BF%9D%E6%B8%A9%E6%9D%AF
Mainland China,,,Pinduoduo,brand,Brand,availability,Pinduoduo,https://www.pinduoduo.com,platform_data_source,2026-06-30,Public web access is mobile/app oriented and may require manual check. No stable public bestseller URL listed. | China value-price benchmarking; group-buying signals; discount and promotion tracking | https://mobile.yangkeduo.com/search_result.html?search_key=%E4%BF%9D%E6%B8%A9%E6%9D%AF
Mainland China,,,Pinduoduo,product_url,Product URL,availability,Pinduoduo,https://www.pinduoduo.com,platform_data_source,2026-06-30,Public web access is mobile/app oriented and may require manual check. No stable public bestseller URL listed. | China value-price benchmarking; group-buying signals; discount and promotion tracking | https://mobile.yangkeduo.com/search_result.html?search_key=%E4%BF%9D%E6%B8%A9%E6%9D%AF
Mainland China,,,Pinduoduo,seller,Seller,availability,Pinduoduo,https://www.pinduoduo.com,platform_data_source,2026-06-30,Public web access is mobile/app oriented and may require manual check. No stable public bestseller URL listed. | China value-price benchmarking; group-buying signals; discount and promotion tracking | https://mobile.yangkeduo.com/search_result.html?search_key=%E4%BF%9D%E6%B8%A9%E6%9D%AF
Mainland China,,,Pinduoduo,shipping_info,Shipping Info,availability,Pinduoduo,https://www.pinduoduo.com,platform_data_source,2026-06-30,Public web access is mobile/app oriented and may require manual check. No stable public bestseller URL listed. | China value-price benchmarking; group-buying signals; discount and promotion tracking | https://mobile.yangkeduo.com/search_result.html?search_key=%E4%BF%9D%E6%B8%A9%E6%9D%AF
Mainland China,,,Pinduoduo,promotion,Promotion,availability,Pinduoduo,https://www.pinduoduo.com,platform_data_source,2026-06-30,Public web access is mobile/app oriented and may require manual check. No stable public bestseller URL listed. | China value-price benchmarking; group-buying signals; discount and promotion tracking | https://mobile.yangkeduo.com/search_result.html?search_key=%E4%BF%9D%E6%B8%A9%E6%9D%AF
Mainland China,,,Pinduoduo,availability,Availability,availability,Pinduoduo,https://www.pinduoduo.com,platform_data_source,2026-06-30,Public web access is mobile/app oriented and may require manual check. No stable public bestseller URL listed. | China value-price benchmarking; group-buying signals; discount and promotion tracking | https://mobile.yangkeduo.com/search_result.html?search_key=%E4%BF%9D%E6%B8%A9%E6%9D%AF
India,,,Flipkart,price,Price,availability,Flipkart,https://www.flipkart.com,platform_data_source,2026-06-30,No stable public bestseller page listed. Use search/category sorting and manual category checks for ranking-like signals. | India ecommerce pricing; reviews; ratings; seller competition; delivery availability checks | https://www.flipkart.com/search?q=insulated%20water%20bottle
India,,,Flipkart,rating,Rating,availability,Flipkart,https://www.flipkart.com,platform_data_source,2026-06-30,No stable public bestseller page listed. Use search/category sorting and manual category checks for ranking-like signals. | India ecommerce pricing; reviews; ratings; seller competition; delivery availability checks | https://www.flipkart.com/search?q=insulated%20water%20bottle
India,,,Flipkart,review_count,Review Count,availability,Flipkart,https://www.flipkart.com,platform_data_source,2026-06-30,No stable public bestseller page listed. Use search/category sorting and manual category checks for ranking-like signals. | India ecommerce pricing; reviews; ratings; seller competition; delivery availability checks | https://www.flipkart.com/search?q=insulated%20water%20bottle
India,,,Flipkart,sales_proxy,Sales Proxy,availability,Flipkart,https://www.flipkart.com,platform_data_source,2026-06-30,No stable public bestseller page listed. Use search/category sorting and manual category checks for ranking-like signals. | India ecommerce pricing; reviews; ratings; seller competition; delivery availability checks | https://www.flipkart.com/search?q=insulated%20water%20bottle
India,,,Flipkart,ranking,Ranking,availability,Flipkart,https://www.flipkart.com,platform_data_source,2026-06-30,No stable public bestseller page listed. Use search/category sorting and manual category checks for ranking-like signals. | India ecommerce pricing; reviews; ratings; seller competition; delivery availability checks | https://www.flipkart.com/search?q=insulated%20water%20bottle
India,,,Flipkart,brand,Brand,availability,Flipkart,https://www.flipkart.com,platform_data_source,2026-06-30,No stable public bestseller page listed. Use search/category sorting and manual category checks for ranking-like signals. | India ecommerce pricing; reviews; ratings; seller competition; delivery availability checks | https://www.flipkart.com/search?q=insulated%20water%20bottle
India,,,Flipkart,product_url,Product URL,availability,Flipkart,https://www.flipkart.com,platform_data_source,2026-06-30,No stable public bestseller page listed. Use search/category sorting and manual category checks for ranking-like signals. | India ecommerce pricing; reviews; ratings; seller competition; delivery availability checks | https://www.flipkart.com/search?q=insulated%20water%20bottle
India,,,Flipkart,seller,Seller,availability,Flipkart,https://www.flipkart.com,platform_data_source,2026-06-30,No stable public bestseller page listed. Use search/category sorting and manual category checks for ranking-like signals. | India ecommerce pricing; reviews; ratings; seller competition; delivery availability checks | https://www.flipkart.com/search?q=insulated%20water%20bottle
India,,,Flipkart,shipping_info,Shipping Info,availability,Flipkart,https://www.flipkart.com,platform_data_source,2026-06-30,No stable public bestseller page listed. Use search/category sorting and manual category checks for ranking-like signals. | India ecommerce pricing; reviews; ratings; seller competition; delivery availability checks | https://www.flipkart.com/search?q=insulated%20water%20bottle
India,,,Flipkart,promotion,Promotion,availability,Flipkart,https://www.flipkart.com,platform_data_source,2026-06-30,No stable public bestseller page listed. Use search/category sorting and manual category checks for ranking-like signals. | India ecommerce pricing; reviews; ratings; seller competition; delivery availability checks | https://www.flipkart.com/search?q=insulated%20water%20bottle
India,,,Flipkart,availability,Availability,availability,Flipkart,https://www.flipkart.com,platform_data_source,2026-06-30,No stable public bestseller page listed. Use search/category sorting and manual category checks for ranking-like signals. | India ecommerce pricing; reviews; ratings; seller competition; delivery availability checks | https://www.flipkart.com/search?q=insulated%20water%20bottle
Indonesia,,,Tokopedia,price,Price,availability,Tokopedia,https://www.tokopedia.com,platform_data_source,2026-06-30,Public product discovery works via search and category pages; no universal public bestseller URL listed. | Indonesia local marketplace pricing; seller density; brand discovery; review and rating checks | https://www.tokopedia.com/search?st=product&q=botol%20minum%20termal
Indonesia,,,Tokopedia,rating,Rating,availability,Tokopedia,https://www.tokopedia.com,platform_data_source,2026-06-30,Public product discovery works via search and category pages; no universal public bestseller URL listed. | Indonesia local marketplace pricing; seller density; brand discovery; review and rating checks | https://www.tokopedia.com/search?st=product&q=botol%20minum%20termal
Indonesia,,,Tokopedia,review_count,Review Count,availability,Tokopedia,https://www.tokopedia.com,platform_data_source,2026-06-30,Public product discovery works via search and category pages; no universal public bestseller URL listed. | Indonesia local marketplace pricing; seller density; brand discovery; review and rating checks | https://www.tokopedia.com/search?st=product&q=botol%20minum%20termal
Indonesia,,,Tokopedia,sales_proxy,Sales Proxy,availability,Tokopedia,https://www.tokopedia.com,platform_data_source,2026-06-30,Public product discovery works via search and category pages; no universal public bestseller URL listed. | Indonesia local marketplace pricing; seller density; brand discovery; review and rating checks | https://www.tokopedia.com/search?st=product&q=botol%20minum%20termal
Indonesia,,,Tokopedia,ranking,Ranking,availability,Tokopedia,https://www.tokopedia.com,platform_data_source,2026-06-30,Public product discovery works via search and category pages; no universal public bestseller URL listed. | Indonesia local marketplace pricing; seller density; brand discovery; review and rating checks | https://www.tokopedia.com/search?st=product&q=botol%20minum%20termal
Indonesia,,,Tokopedia,brand,Brand,availability,Tokopedia,https://www.tokopedia.com,platform_data_source,2026-06-30,Public product discovery works via search and category pages; no universal public bestseller URL listed. | Indonesia local marketplace pricing; seller density; brand discovery; review and rating checks | https://www.tokopedia.com/search?st=product&q=botol%20minum%20termal
Indonesia,,,Tokopedia,product_url,Product URL,availability,Tokopedia,https://www.tokopedia.com,platform_data_source,2026-06-30,Public product discovery works via search and category pages; no universal public bestseller URL listed. | Indonesia local marketplace pricing; seller density; brand discovery; review and rating checks | https://www.tokopedia.com/search?st=product&q=botol%20minum%20termal
Indonesia,,,Tokopedia,seller,Seller,availability,Tokopedia,https://www.tokopedia.com,platform_data_source,2026-06-30,Public product discovery works via search and category pages; no universal public bestseller URL listed. | Indonesia local marketplace pricing; seller density; brand discovery; review and rating checks | https://www.tokopedia.com/search?st=product&q=botol%20minum%20termal
Indonesia,,,Tokopedia,shipping_info,Shipping Info,availability,Tokopedia,https://www.tokopedia.com,platform_data_source,2026-06-30,Public product discovery works via search and category pages; no universal public bestseller URL listed. | Indonesia local marketplace pricing; seller density; brand discovery; review and rating checks | https://www.tokopedia.com/search?st=product&q=botol%20minum%20termal
Indonesia,,,Tokopedia,promotion,Promotion,availability,Tokopedia,https://www.tokopedia.com,platform_data_source,2026-06-30,Public product discovery works via search and category pages; no universal public bestseller URL listed. | Indonesia local marketplace pricing; seller density; brand discovery; review and rating checks | https://www.tokopedia.com/search?st=product&q=botol%20minum%20termal
Indonesia,,,Tokopedia,availability,Availability,availability,Tokopedia,https://www.tokopedia.com,platform_data_source,2026-06-30,Public product discovery works via search and category pages; no universal public bestseller URL listed. | Indonesia local marketplace pricing; seller density; brand discovery; review and rating checks | https://www.tokopedia.com/search?st=product&q=botol%20minum%20termal
South Korea,,,Coupang,price,Price,availability,Coupang,https://www.coupang.com,platform_data_source,2026-06-30,Coupang pages are dynamic and may require manual checks. No stable public bestseller URL listed. | Korea ecommerce pricing; Rocket delivery signals; reviews; seller/product competition | https://www.coupang.com/np/search?q=insulated%20water%20bottle
South Korea,,,Coupang,rating,Rating,availability,Coupang,https://www.coupang.com,platform_data_source,2026-06-30,Coupang pages are dynamic and may require manual checks. No stable public bestseller URL listed. | Korea ecommerce pricing; Rocket delivery signals; reviews; seller/product competition | https://www.coupang.com/np/search?q=insulated%20water%20bottle
South Korea,,,Coupang,review_count,Review Count,availability,Coupang,https://www.coupang.com,platform_data_source,2026-06-30,Coupang pages are dynamic and may require manual checks. No stable public bestseller URL listed. | Korea ecommerce pricing; Rocket delivery signals; reviews; seller/product competition | https://www.coupang.com/np/search?q=insulated%20water%20bottle
South Korea,,,Coupang,sales_proxy,Sales Proxy,availability,Coupang,https://www.coupang.com,platform_data_source,2026-06-30,Coupang pages are dynamic and may require manual checks. No stable public bestseller URL listed. | Korea ecommerce pricing; Rocket delivery signals; reviews; seller/product competition | https://www.coupang.com/np/search?q=insulated%20water%20bottle
South Korea,,,Coupang,ranking,Ranking,availability,Coupang,https://www.coupang.com,platform_data_source,2026-06-30,Coupang pages are dynamic and may require manual checks. No stable public bestseller URL listed. | Korea ecommerce pricing; Rocket delivery signals; reviews; seller/product competition | https://www.coupang.com/np/search?q=insulated%20water%20bottle
South Korea,,,Coupang,brand,Brand,availability,Coupang,https://www.coupang.com,platform_data_source,2026-06-30,Coupang pages are dynamic and may require manual checks. No stable public bestseller URL listed. | Korea ecommerce pricing; Rocket delivery signals; reviews; seller/product competition | https://www.coupang.com/np/search?q=insulated%20water%20bottle
South Korea,,,Coupang,product_url,Product URL,availability,Coupang,https://www.coupang.com,platform_data_source,2026-06-30,Coupang pages are dynamic and may require manual checks. No stable public bestseller URL listed. | Korea ecommerce pricing; Rocket delivery signals; reviews; seller/product competition | https://www.coupang.com/np/search?q=insulated%20water%20bottle
South Korea,,,Coupang,seller,Seller,availability,Coupang,https://www.coupang.com,platform_data_source,2026-06-30,Coupang pages are dynamic and may require manual checks. No stable public bestseller URL listed. | Korea ecommerce pricing; Rocket delivery signals; reviews; seller/product competition | https://www.coupang.com/np/search?q=insulated%20water%20bottle
South Korea,,,Coupang,shipping_info,Shipping Info,availability,Coupang,https://www.coupang.com,platform_data_source,2026-06-30,Coupang pages are dynamic and may require manual checks. No stable public bestseller URL listed. | Korea ecommerce pricing; Rocket delivery signals; reviews; seller/product competition | https://www.coupang.com/np/search?q=insulated%20water%20bottle
South Korea,,,Coupang,promotion,Promotion,availability,Coupang,https://www.coupang.com,platform_data_source,2026-06-30,Coupang pages are dynamic and may require manual checks. No stable public bestseller URL listed. | Korea ecommerce pricing; Rocket delivery signals; reviews; seller/product competition | https://www.coupang.com/np/search?q=insulated%20water%20bottle
South Korea,,,Coupang,availability,Availability,availability,Coupang,https://www.coupang.com,platform_data_source,2026-06-30,Coupang pages are dynamic and may require manual checks. No stable public bestseller URL listed. | Korea ecommerce pricing; Rocket delivery signals; reviews; seller/product competition | https://www.coupang.com/np/search?q=insulated%20water%20bottle
Turkey,,,Trendyol,price,Price,availability,Trendyol,https://www.trendyol.com,platform_data_source,2026-06-30,"A popular-products page is available, but exact category and country behavior should be manually checked. | Turkey marketplace pricing; popular products; fashion/home categories; review and seller checks | https://www.trendyol.com/cok-satanlar | https://www.trendyol.com/sr?q=termos"
Turkey,,,Trendyol,rating,Rating,availability,Trendyol,https://www.trendyol.com,platform_data_source,2026-06-30,"A popular-products page is available, but exact category and country behavior should be manually checked. | Turkey marketplace pricing; popular products; fashion/home categories; review and seller checks | https://www.trendyol.com/cok-satanlar | https://www.trendyol.com/sr?q=termos"
Turkey,,,Trendyol,review_count,Review Count,availability,Trendyol,https://www.trendyol.com,platform_data_source,2026-06-30,"A popular-products page is available, but exact category and country behavior should be manually checked. | Turkey marketplace pricing; popular products; fashion/home categories; review and seller checks | https://www.trendyol.com/cok-satanlar | https://www.trendyol.com/sr?q=termos"
Turkey,,,Trendyol,sales_proxy,Sales Proxy,availability,Trendyol,https://www.trendyol.com,platform_data_source,2026-06-30,"A popular-products page is available, but exact category and country behavior should be manually checked. | Turkey marketplace pricing; popular products; fashion/home categories; review and seller checks | https://www.trendyol.com/cok-satanlar | https://www.trendyol.com/sr?q=termos"
Turkey,,,Trendyol,ranking,Ranking,availability,Trendyol,https://www.trendyol.com,platform_data_source,2026-06-30,"A popular-products page is available, but exact category and country behavior should be manually checked. | Turkey marketplace pricing; popular products; fashion/home categories; review and seller checks | https://www.trendyol.com/cok-satanlar | https://www.trendyol.com/sr?q=termos"
Turkey,,,Trendyol,brand,Brand,availability,Trendyol,https://www.trendyol.com,platform_data_source,2026-06-30,"A popular-products page is available, but exact category and country behavior should be manually checked. | Turkey marketplace pricing; popular products; fashion/home categories; review and seller checks | https://www.trendyol.com/cok-satanlar | https://www.trendyol.com/sr?q=termos"
Turkey,,,Trendyol,product_url,Product URL,availability,Trendyol,https://www.trendyol.com,platform_data_source,2026-06-30,"A popular-products page is available, but exact category and country behavior should be manually checked. | Turkey marketplace pricing; popular products; fashion/home categories; review and seller checks | https://www.trendyol.com/cok-satanlar | https://www.trendyol.com/sr?q=termos"
Turkey,,,Trendyol,seller,Seller,availability,Trendyol,https://www.trendyol.com,platform_data_source,2026-06-30,"A popular-products page is available, but exact category and country behavior should be manually checked. | Turkey marketplace pricing; popular products; fashion/home categories; review and seller checks | https://www.trendyol.com/cok-satanlar | https://www.trendyol.com/sr?q=termos"
Turkey,,,Trendyol,shipping_info,Shipping Info,availability,Trendyol,https://www.trendyol.com,platform_data_source,2026-06-30,"A popular-products page is available, but exact category and country behavior should be manually checked. | Turkey marketplace pricing; popular products; fashion/home categories; review and seller checks | https://www.trendyol.com/cok-satanlar | https://www.trendyol.com/sr?q=termos"
Turkey,,,Trendyol,promotion,Promotion,availability,Trendyol,https://www.trendyol.com,platform_data_source,2026-06-30,"A popular-products page is available, but exact category and country behavior should be manually checked. | Turkey marketplace pricing; popular products; fashion/home categories; review and seller checks | https://www.trendyol.com/cok-satanlar | https://www.trendyol.com/sr?q=termos"
Turkey,,,Trendyol,availability,Availability,availability,Trendyol,https://www.trendyol.com,platform_data_source,2026-06-30,"A popular-products page is available, but exact category and country behavior should be manually checked. | Turkey marketplace pricing; popular products; fashion/home categories; review and seller checks | https://www.trendyol.com/cok-satanlar | https://www.trendyol.com/sr?q=termos"
Germany,,,Trendyol,price,Price,availability,Trendyol,https://www.trendyol.com,platform_data_source,2026-06-30,"A popular-products page is available, but exact category and country behavior should be manually checked. | Turkey marketplace pricing; popular products; fashion/home categories; review and seller checks | https://www.trendyol.com/cok-satanlar | https://www.trendyol.com/sr?q=termos"
Germany,,,Trendyol,rating,Rating,availability,Trendyol,https://www.trendyol.com,platform_data_source,2026-06-30,"A popular-products page is available, but exact category and country behavior should be manually checked. | Turkey marketplace pricing; popular products; fashion/home categories; review and seller checks | https://www.trendyol.com/cok-satanlar | https://www.trendyol.com/sr?q=termos"
Germany,,,Trendyol,review_count,Review Count,availability,Trendyol,https://www.trendyol.com,platform_data_source,2026-06-30,"A popular-products page is available, but exact category and country behavior should be manually checked. | Turkey marketplace pricing; popular products; fashion/home categories; review and seller checks | https://www.trendyol.com/cok-satanlar | https://www.trendyol.com/sr?q=termos"
Germany,,,Trendyol,sales_proxy,Sales Proxy,availability,Trendyol,https://www.trendyol.com,platform_data_source,2026-06-30,"A popular-products page is available, but exact category and country behavior should be manually checked. | Turkey marketplace pricing; popular products; fashion/home categories; review and seller checks | https://www.trendyol.com/cok-satanlar | https://www.trendyol.com/sr?q=termos"
Germany,,,Trendyol,ranking,Ranking,availability,Trendyol,https://www.trendyol.com,platform_data_source,2026-06-30,"A popular-products page is available, but exact category and country behavior should be manually checked. | Turkey marketplace pricing; popular products; fashion/home categories; review and seller checks | https://www.trendyol.com/cok-satanlar | https://www.trendyol.com/sr?q=termos"
Germany,,,Trendyol,brand,Brand,availability,Trendyol,https://www.trendyol.com,platform_data_source,2026-06-30,"A popular-products page is available, but exact category and country behavior should be manually checked. | Turkey marketplace pricing; popular products; fashion/home categories; review and seller checks | https://www.trendyol.com/cok-satanlar | https://www.trendyol.com/sr?q=termos"
Germany,,,Trendyol,product_url,Product URL,availability,Trendyol,https://www.trendyol.com,platform_data_source,2026-06-30,"A popular-products page is available, but exact category and country behavior should be manually checked. | Turkey marketplace pricing; popular products; fashion/home categories; review and seller checks | https://www.trendyol.com/cok-satanlar | https://www.trendyol.com/sr?q=termos"
Germany,,,Trendyol,seller,Seller,availability,Trendyol,https://www.trendyol.com,platform_data_source,2026-06-30,"A popular-products page is available, but exact category and country behavior should be manually checked. | Turkey marketplace pricing; popular products; fashion/home categories; review and seller checks | https://www.trendyol.com/cok-satanlar | https://www.trendyol.com/sr?q=termos"
Germany,,,Trendyol,shipping_info,Shipping Info,availability,Trendyol,https://www.trendyol.com,platform_data_source,2026-06-30,"A popular-products page is available, but exact category and country behavior should be manually checked. | Turkey marketplace pricing; popular products; fashion/home categories; review and seller checks | https://www.trendyol.com/cok-satanlar | https://www.trendyol.com/sr?q=termos"
Germany,,,Trendyol,promotion,Promotion,availability,Trendyol,https://www.trendyol.com,platform_data_source,2026-06-30,"A popular-products page is available, but exact category and country behavior should be manually checked. | Turkey marketplace pricing; popular products; fashion/home categories; review and seller checks | https://www.trendyol.com/cok-satanlar | https://www.trendyol.com/sr?q=termos"
Germany,,,Trendyol,availability,Availability,availability,Trendyol,https://www.trendyol.com,platform_data_source,2026-06-30,"A popular-products page is available, but exact category and country behavior should be manually checked. | Turkey marketplace pricing; popular products; fashion/home categories; review and seller checks | https://www.trendyol.com/cok-satanlar | https://www.trendyol.com/sr?q=termos"
Gulf expansion markets,,,Trendyol,price,Price,availability,Trendyol,https://www.trendyol.com,platform_data_source,2026-06-30,"A popular-products page is available, but exact category and country behavior should be manually checked. | Turkey marketplace pricing; popular products; fashion/home categories; review and seller checks | https://www.trendyol.com/cok-satanlar | https://www.trendyol.com/sr?q=termos"
Gulf expansion markets,,,Trendyol,rating,Rating,availability,Trendyol,https://www.trendyol.com,platform_data_source,2026-06-30,"A popular-products page is available, but exact category and country behavior should be manually checked. | Turkey marketplace pricing; popular products; fashion/home categories; review and seller checks | https://www.trendyol.com/cok-satanlar | https://www.trendyol.com/sr?q=termos"
Gulf expansion markets,,,Trendyol,review_count,Review Count,availability,Trendyol,https://www.trendyol.com,platform_data_source,2026-06-30,"A popular-products page is available, but exact category and country behavior should be manually checked. | Turkey marketplace pricing; popular products; fashion/home categories; review and seller checks | https://www.trendyol.com/cok-satanlar | https://www.trendyol.com/sr?q=termos"
Gulf expansion markets,,,Trendyol,sales_proxy,Sales Proxy,availability,Trendyol,https://www.trendyol.com,platform_data_source,2026-06-30,"A popular-products page is available, but exact category and country behavior should be manually checked. | Turkey marketplace pricing; popular products; fashion/home categories; review and seller checks | https://www.trendyol.com/cok-satanlar | https://www.trendyol.com/sr?q=termos"
Gulf expansion markets,,,Trendyol,ranking,Ranking,availability,Trendyol,https://www.trendyol.com,platform_data_source,2026-06-30,"A popular-products page is available, but exact category and country behavior should be manually checked. | Turkey marketplace pricing; popular products; fashion/home categories; review and seller checks | https://www.trendyol.com/cok-satanlar | https://www.trendyol.com/sr?q=termos"
Gulf expansion markets,,,Trendyol,brand,Brand,availability,Trendyol,https://www.trendyol.com,platform_data_source,2026-06-30,"A popular-products page is available, but exact category and country behavior should be manually checked. | Turkey marketplace pricing; popular products; fashion/home categories; review and seller checks | https://www.trendyol.com/cok-satanlar | https://www.trendyol.com/sr?q=termos"
Gulf expansion markets,,,Trendyol,product_url,Product URL,availability,Trendyol,https://www.trendyol.com,platform_data_source,2026-06-30,"A popular-products page is available, but exact category and country behavior should be manually checked. | Turkey marketplace pricing; popular products; fashion/home categories; review and seller checks | https://www.trendyol.com/cok-satanlar | https://www.trendyol.com/sr?q=termos"
Gulf expansion markets,,,Trendyol,seller,Seller,availability,Trendyol,https://www.trendyol.com,platform_data_source,2026-06-30,"A popular-products page is available, but exact category and country behavior should be manually checked. | Turkey marketplace pricing; popular products; fashion/home categories; review and seller checks | https://www.trendyol.com/cok-satanlar | https://www.trendyol.com/sr?q=termos"
Gulf expansion markets,,,Trendyol,shipping_info,Shipping Info,availability,Trendyol,https://www.trendyol.com,platform_data_source,2026-06-30,"A popular-products page is available, but exact category and country behavior should be manually checked. | Turkey marketplace pricing; popular products; fashion/home categories; review and seller checks | https://www.trendyol.com/cok-satanlar | https://www.trendyol.com/sr?q=termos"
Gulf expansion markets,,,Trendyol,promotion,Promotion,availability,Trendyol,https://www.trendyol.com,platform_data_source,2026-06-30,"A popular-products page is available, but exact category and country behavior should be manually checked. | Turkey marketplace pricing; popular products; fashion/home categories; review and seller checks | https://www.trendyol.com/cok-satanlar | https://www.trendyol.com/sr?q=termos"
Gulf expansion markets,,,Trendyol,availability,Availability,availability,Trendyol,https://www.trendyol.com,platform_data_source,2026-06-30,"A popular-products page is available, but exact category and country behavior should be manually checked. | Turkey marketplace pricing; popular products; fashion/home categories; review and seller checks | https://www.trendyol.com/cok-satanlar | https://www.trendyol.com/sr?q=termos"
Poland,,,Allegro,price,Price,availability,Allegro,https://allegro.pl,platform_data_source,2026-06-30,"No stable public universal bestseller URL listed. Use listing sort options, categories, and Allegro API where permitted. | Poland ecommerce pricing; seller competition; ratings; shipping and delivery options | https://allegro.pl/listing?string=butelka%20termiczna"
Poland,,,Allegro,rating,Rating,availability,Allegro,https://allegro.pl,platform_data_source,2026-06-30,"No stable public universal bestseller URL listed. Use listing sort options, categories, and Allegro API where permitted. | Poland ecommerce pricing; seller competition; ratings; shipping and delivery options | https://allegro.pl/listing?string=butelka%20termiczna"
Poland,,,Allegro,review_count,Review Count,availability,Allegro,https://allegro.pl,platform_data_source,2026-06-30,"No stable public universal bestseller URL listed. Use listing sort options, categories, and Allegro API where permitted. | Poland ecommerce pricing; seller competition; ratings; shipping and delivery options | https://allegro.pl/listing?string=butelka%20termiczna"
Poland,,,Allegro,sales_proxy,Sales Proxy,availability,Allegro,https://allegro.pl,platform_data_source,2026-06-30,"No stable public universal bestseller URL listed. Use listing sort options, categories, and Allegro API where permitted. | Poland ecommerce pricing; seller competition; ratings; shipping and delivery options | https://allegro.pl/listing?string=butelka%20termiczna"
Poland,,,Allegro,ranking,Ranking,availability,Allegro,https://allegro.pl,platform_data_source,2026-06-30,"No stable public universal bestseller URL listed. Use listing sort options, categories, and Allegro API where permitted. | Poland ecommerce pricing; seller competition; ratings; shipping and delivery options | https://allegro.pl/listing?string=butelka%20termiczna"
Poland,,,Allegro,brand,Brand,availability,Allegro,https://allegro.pl,platform_data_source,2026-06-30,"No stable public universal bestseller URL listed. Use listing sort options, categories, and Allegro API where permitted. | Poland ecommerce pricing; seller competition; ratings; shipping and delivery options | https://allegro.pl/listing?string=butelka%20termiczna"
Poland,,,Allegro,product_url,Product URL,availability,Allegro,https://allegro.pl,platform_data_source,2026-06-30,"No stable public universal bestseller URL listed. Use listing sort options, categories, and Allegro API where permitted. | Poland ecommerce pricing; seller competition; ratings; shipping and delivery options | https://allegro.pl/listing?string=butelka%20termiczna"
Poland,,,Allegro,seller,Seller,availability,Allegro,https://allegro.pl,platform_data_source,2026-06-30,"No stable public universal bestseller URL listed. Use listing sort options, categories, and Allegro API where permitted. | Poland ecommerce pricing; seller competition; ratings; shipping and delivery options | https://allegro.pl/listing?string=butelka%20termiczna"
Poland,,,Allegro,shipping_info,Shipping Info,availability,Allegro,https://allegro.pl,platform_data_source,2026-06-30,"No stable public universal bestseller URL listed. Use listing sort options, categories, and Allegro API where permitted. | Poland ecommerce pricing; seller competition; ratings; shipping and delivery options | https://allegro.pl/listing?string=butelka%20termiczna"
Poland,,,Allegro,promotion,Promotion,availability,Allegro,https://allegro.pl,platform_data_source,2026-06-30,"No stable public universal bestseller URL listed. Use listing sort options, categories, and Allegro API where permitted. | Poland ecommerce pricing; seller competition; ratings; shipping and delivery options | https://allegro.pl/listing?string=butelka%20termiczna"
Poland,,,Allegro,availability,Availability,availability,Allegro,https://allegro.pl,platform_data_source,2026-06-30,"No stable public universal bestseller URL listed. Use listing sort options, categories, and Allegro API where permitted. | Poland ecommerce pricing; seller competition; ratings; shipping and delivery options | https://allegro.pl/listing?string=butelka%20termiczna"
Central/Eastern Europe,,,Allegro,price,Price,availability,Allegro,https://allegro.pl,platform_data_source,2026-06-30,"No stable public universal bestseller URL listed. Use listing sort options, categories, and Allegro API where permitted. | Poland ecommerce pricing; seller competition; ratings; shipping and delivery options | https://allegro.pl/listing?string=butelka%20termiczna"
Central/Eastern Europe,,,Allegro,rating,Rating,availability,Allegro,https://allegro.pl,platform_data_source,2026-06-30,"No stable public universal bestseller URL listed. Use listing sort options, categories, and Allegro API where permitted. | Poland ecommerce pricing; seller competition; ratings; shipping and delivery options | https://allegro.pl/listing?string=butelka%20termiczna"
Central/Eastern Europe,,,Allegro,review_count,Review Count,availability,Allegro,https://allegro.pl,platform_data_source,2026-06-30,"No stable public universal bestseller URL listed. Use listing sort options, categories, and Allegro API where permitted. | Poland ecommerce pricing; seller competition; ratings; shipping and delivery options | https://allegro.pl/listing?string=butelka%20termiczna"
Central/Eastern Europe,,,Allegro,sales_proxy,Sales Proxy,availability,Allegro,https://allegro.pl,platform_data_source,2026-06-30,"No stable public universal bestseller URL listed. Use listing sort options, categories, and Allegro API where permitted. | Poland ecommerce pricing; seller competition; ratings; shipping and delivery options | https://allegro.pl/listing?string=butelka%20termiczna"
Central/Eastern Europe,,,Allegro,ranking,Ranking,availability,Allegro,https://allegro.pl,platform_data_source,2026-06-30,"No stable public universal bestseller URL listed. Use listing sort options, categories, and Allegro API where permitted. | Poland ecommerce pricing; seller competition; ratings; shipping and delivery options | https://allegro.pl/listing?string=butelka%20termiczna"
Central/Eastern Europe,,,Allegro,brand,Brand,availability,Allegro,https://allegro.pl,platform_data_source,2026-06-30,"No stable public universal bestseller URL listed. Use listing sort options, categories, and Allegro API where permitted. | Poland ecommerce pricing; seller competition; ratings; shipping and delivery options | https://allegro.pl/listing?string=butelka%20termiczna"
Central/Eastern Europe,,,Allegro,product_url,Product URL,availability,Allegro,https://allegro.pl,platform_data_source,2026-06-30,"No stable public universal bestseller URL listed. Use listing sort options, categories, and Allegro API where permitted. | Poland ecommerce pricing; seller competition; ratings; shipping and delivery options | https://allegro.pl/listing?string=butelka%20termiczna"
Central/Eastern Europe,,,Allegro,seller,Seller,availability,Allegro,https://allegro.pl,platform_data_source,2026-06-30,"No stable public universal bestseller URL listed. Use listing sort options, categories, and Allegro API where permitted. | Poland ecommerce pricing; seller competition; ratings; shipping and delivery options | https://allegro.pl/listing?string=butelka%20termiczna"
Central/Eastern Europe,,,Allegro,shipping_info,Shipping Info,availability,Allegro,https://allegro.pl,platform_data_source,2026-06-30,"No stable public universal bestseller URL listed. Use listing sort options, categories, and Allegro API where permitted. | Poland ecommerce pricing; seller competition; ratings; shipping and delivery options | https://allegro.pl/listing?string=butelka%20termiczna"
Central/Eastern Europe,,,Allegro,promotion,Promotion,availability,Allegro,https://allegro.pl,platform_data_source,2026-06-30,"No stable public universal bestseller URL listed. Use listing sort options, categories, and Allegro API where permitted. | Poland ecommerce pricing; seller competition; ratings; shipping and delivery options | https://allegro.pl/listing?string=butelka%20termiczna"
Central/Eastern Europe,,,Allegro,availability,Availability,availability,Allegro,https://allegro.pl,platform_data_source,2026-06-30,"No stable public universal bestseller URL listed. Use listing sort options, categories, and Allegro API where permitted. | Poland ecommerce pricing; seller competition; ratings; shipping and delivery options | https://allegro.pl/listing?string=butelka%20termiczna"
Russia,,,Ozon,price,Price,availability,Ozon,https://www.ozon.ru,platform_data_source,2026-06-30,Access may vary by region and bot controls. No stable public bestseller URL listed. | Russia marketplace pricing; reviews; rating; seller and logistics signals | https://www.ozon.ru/search/?text=%D1%82%D0%B5%D1%80%D0%BC%D0%BE%D1%81
Russia,,,Ozon,rating,Rating,availability,Ozon,https://www.ozon.ru,platform_data_source,2026-06-30,Access may vary by region and bot controls. No stable public bestseller URL listed. | Russia marketplace pricing; reviews; rating; seller and logistics signals | https://www.ozon.ru/search/?text=%D1%82%D0%B5%D1%80%D0%BC%D0%BE%D1%81
Russia,,,Ozon,review_count,Review Count,availability,Ozon,https://www.ozon.ru,platform_data_source,2026-06-30,Access may vary by region and bot controls. No stable public bestseller URL listed. | Russia marketplace pricing; reviews; rating; seller and logistics signals | https://www.ozon.ru/search/?text=%D1%82%D0%B5%D1%80%D0%BC%D0%BE%D1%81
Russia,,,Ozon,sales_proxy,Sales Proxy,availability,Ozon,https://www.ozon.ru,platform_data_source,2026-06-30,Access may vary by region and bot controls. No stable public bestseller URL listed. | Russia marketplace pricing; reviews; rating; seller and logistics signals | https://www.ozon.ru/search/?text=%D1%82%D0%B5%D1%80%D0%BC%D0%BE%D1%81
Russia,,,Ozon,ranking,Ranking,availability,Ozon,https://www.ozon.ru,platform_data_source,2026-06-30,Access may vary by region and bot controls. No stable public bestseller URL listed. | Russia marketplace pricing; reviews; rating; seller and logistics signals | https://www.ozon.ru/search/?text=%D1%82%D0%B5%D1%80%D0%BC%D0%BE%D1%81
Russia,,,Ozon,brand,Brand,availability,Ozon,https://www.ozon.ru,platform_data_source,2026-06-30,Access may vary by region and bot controls. No stable public bestseller URL listed. | Russia marketplace pricing; reviews; rating; seller and logistics signals | https://www.ozon.ru/search/?text=%D1%82%D0%B5%D1%80%D0%BC%D0%BE%D1%81
Russia,,,Ozon,product_url,Product URL,availability,Ozon,https://www.ozon.ru,platform_data_source,2026-06-30,Access may vary by region and bot controls. No stable public bestseller URL listed. | Russia marketplace pricing; reviews; rating; seller and logistics signals | https://www.ozon.ru/search/?text=%D1%82%D0%B5%D1%80%D0%BC%D0%BE%D1%81
Russia,,,Ozon,seller,Seller,availability,Ozon,https://www.ozon.ru,platform_data_source,2026-06-30,Access may vary by region and bot controls. No stable public bestseller URL listed. | Russia marketplace pricing; reviews; rating; seller and logistics signals | https://www.ozon.ru/search/?text=%D1%82%D0%B5%D1%80%D0%BC%D0%BE%D1%81
Russia,,,Ozon,shipping_info,Shipping Info,availability,Ozon,https://www.ozon.ru,platform_data_source,2026-06-30,Access may vary by region and bot controls. No stable public bestseller URL listed. | Russia marketplace pricing; reviews; rating; seller and logistics signals | https://www.ozon.ru/search/?text=%D1%82%D0%B5%D1%80%D0%BC%D0%BE%D1%81
Russia,,,Ozon,promotion,Promotion,availability,Ozon,https://www.ozon.ru,platform_data_source,2026-06-30,Access may vary by region and bot controls. No stable public bestseller URL listed. | Russia marketplace pricing; reviews; rating; seller and logistics signals | https://www.ozon.ru/search/?text=%D1%82%D0%B5%D1%80%D0%BC%D0%BE%D1%81
Russia,,,Ozon,availability,Availability,availability,Ozon,https://www.ozon.ru,platform_data_source,2026-06-30,Access may vary by region and bot controls. No stable public bestseller URL listed. | Russia marketplace pricing; reviews; rating; seller and logistics signals | https://www.ozon.ru/search/?text=%D1%82%D0%B5%D1%80%D0%BC%D0%BE%D1%81
CIS-adjacent markets,,,Ozon,price,Price,availability,Ozon,https://www.ozon.ru,platform_data_source,2026-06-30,Access may vary by region and bot controls. No stable public bestseller URL listed. | Russia marketplace pricing; reviews; rating; seller and logistics signals | https://www.ozon.ru/search/?text=%D1%82%D0%B5%D1%80%D0%BC%D0%BE%D1%81
CIS-adjacent markets,,,Ozon,rating,Rating,availability,Ozon,https://www.ozon.ru,platform_data_source,2026-06-30,Access may vary by region and bot controls. No stable public bestseller URL listed. | Russia marketplace pricing; reviews; rating; seller and logistics signals | https://www.ozon.ru/search/?text=%D1%82%D0%B5%D1%80%D0%BC%D0%BE%D1%81
CIS-adjacent markets,,,Ozon,review_count,Review Count,availability,Ozon,https://www.ozon.ru,platform_data_source,2026-06-30,Access may vary by region and bot controls. No stable public bestseller URL listed. | Russia marketplace pricing; reviews; rating; seller and logistics signals | https://www.ozon.ru/search/?text=%D1%82%D0%B5%D1%80%D0%BC%D0%BE%D1%81
CIS-adjacent markets,,,Ozon,sales_proxy,Sales Proxy,availability,Ozon,https://www.ozon.ru,platform_data_source,2026-06-30,Access may vary by region and bot controls. No stable public bestseller URL listed. | Russia marketplace pricing; reviews; rating; seller and logistics signals | https://www.ozon.ru/search/?text=%D1%82%D0%B5%D1%80%D0%BC%D0%BE%D1%81
CIS-adjacent markets,,,Ozon,ranking,Ranking,availability,Ozon,https://www.ozon.ru,platform_data_source,2026-06-30,Access may vary by region and bot controls. No stable public bestseller URL listed. | Russia marketplace pricing; reviews; rating; seller and logistics signals | https://www.ozon.ru/search/?text=%D1%82%D0%B5%D1%80%D0%BC%D0%BE%D1%81
CIS-adjacent markets,,,Ozon,brand,Brand,availability,Ozon,https://www.ozon.ru,platform_data_source,2026-06-30,Access may vary by region and bot controls. No stable public bestseller URL listed. | Russia marketplace pricing; reviews; rating; seller and logistics signals | https://www.ozon.ru/search/?text=%D1%82%D0%B5%D1%80%D0%BC%D0%BE%D1%81
CIS-adjacent markets,,,Ozon,product_url,Product URL,availability,Ozon,https://www.ozon.ru,platform_data_source,2026-06-30,Access may vary by region and bot controls. No stable public bestseller URL listed. | Russia marketplace pricing; reviews; rating; seller and logistics signals | https://www.ozon.ru/search/?text=%D1%82%D0%B5%D1%80%D0%BC%D0%BE%D1%81
CIS-adjacent markets,,,Ozon,seller,Seller,availability,Ozon,https://www.ozon.ru,platform_data_source,2026-06-30,Access may vary by region and bot controls. No stable public bestseller URL listed. | Russia marketplace pricing; reviews; rating; seller and logistics signals | https://www.ozon.ru/search/?text=%D1%82%D0%B5%D1%80%D0%BC%D0%BE%D1%81
CIS-adjacent markets,,,Ozon,shipping_info,Shipping Info,availability,Ozon,https://www.ozon.ru,platform_data_source,2026-06-30,Access may vary by region and bot controls. No stable public bestseller URL listed. | Russia marketplace pricing; reviews; rating; seller and logistics signals | https://www.ozon.ru/search/?text=%D1%82%D0%B5%D1%80%D0%BC%D0%BE%D1%81
CIS-adjacent markets,,,Ozon,promotion,Promotion,availability,Ozon,https://www.ozon.ru,platform_data_source,2026-06-30,Access may vary by region and bot controls. No stable public bestseller URL listed. | Russia marketplace pricing; reviews; rating; seller and logistics signals | https://www.ozon.ru/search/?text=%D1%82%D0%B5%D1%80%D0%BC%D0%BE%D1%81
CIS-adjacent markets,,,Ozon,availability,Availability,availability,Ozon,https://www.ozon.ru,platform_data_source,2026-06-30,Access may vary by region and bot controls. No stable public bestseller URL listed. | Russia marketplace pricing; reviews; rating; seller and logistics signals | https://www.ozon.ru/search/?text=%D1%82%D0%B5%D1%80%D0%BC%D0%BE%D1%81
Russia,,,Wildberries,price,Price,availability,Wildberries,https://www.wildberries.ru,platform_data_source,2026-06-30,"Search pages provide product-level signals, but no stable public bestseller URL listed. Manual check required for category ranks. | Russia/CIS marketplace pricing; seller density; reviews; rating; category competition | https://www.wildberries.ru/catalog/0/search.aspx?search=%D1%82%D0%B5%D1%80%D0%BC%D0%BE%D1%81"
Russia,,,Wildberries,rating,Rating,availability,Wildberries,https://www.wildberries.ru,platform_data_source,2026-06-30,"Search pages provide product-level signals, but no stable public bestseller URL listed. Manual check required for category ranks. | Russia/CIS marketplace pricing; seller density; reviews; rating; category competition | https://www.wildberries.ru/catalog/0/search.aspx?search=%D1%82%D0%B5%D1%80%D0%BC%D0%BE%D1%81"
Russia,,,Wildberries,review_count,Review Count,availability,Wildberries,https://www.wildberries.ru,platform_data_source,2026-06-30,"Search pages provide product-level signals, but no stable public bestseller URL listed. Manual check required for category ranks. | Russia/CIS marketplace pricing; seller density; reviews; rating; category competition | https://www.wildberries.ru/catalog/0/search.aspx?search=%D1%82%D0%B5%D1%80%D0%BC%D0%BE%D1%81"
Russia,,,Wildberries,sales_proxy,Sales Proxy,availability,Wildberries,https://www.wildberries.ru,platform_data_source,2026-06-30,"Search pages provide product-level signals, but no stable public bestseller URL listed. Manual check required for category ranks. | Russia/CIS marketplace pricing; seller density; reviews; rating; category competition | https://www.wildberries.ru/catalog/0/search.aspx?search=%D1%82%D0%B5%D1%80%D0%BC%D0%BE%D1%81"
Russia,,,Wildberries,ranking,Ranking,availability,Wildberries,https://www.wildberries.ru,platform_data_source,2026-06-30,"Search pages provide product-level signals, but no stable public bestseller URL listed. Manual check required for category ranks. | Russia/CIS marketplace pricing; seller density; reviews; rating; category competition | https://www.wildberries.ru/catalog/0/search.aspx?search=%D1%82%D0%B5%D1%80%D0%BC%D0%BE%D1%81"
Russia,,,Wildberries,brand,Brand,availability,Wildberries,https://www.wildberries.ru,platform_data_source,2026-06-30,"Search pages provide product-level signals, but no stable public bestseller URL listed. Manual check required for category ranks. | Russia/CIS marketplace pricing; seller density; reviews; rating; category competition | https://www.wildberries.ru/catalog/0/search.aspx?search=%D1%82%D0%B5%D1%80%D0%BC%D0%BE%D1%81"
Russia,,,Wildberries,product_url,Product URL,availability,Wildberries,https://www.wildberries.ru,platform_data_source,2026-06-30,"Search pages provide product-level signals, but no stable public bestseller URL listed. Manual check required for category ranks. | Russia/CIS marketplace pricing; seller density; reviews; rating; category competition | https://www.wildberries.ru/catalog/0/search.aspx?search=%D1%82%D0%B5%D1%80%D0%BC%D0%BE%D1%81"
Russia,,,Wildberries,seller,Seller,availability,Wildberries,https://www.wildberries.ru,platform_data_source,2026-06-30,"Search pages provide product-level signals, but no stable public bestseller URL listed. Manual check required for category ranks. | Russia/CIS marketplace pricing; seller density; reviews; rating; category competition | https://www.wildberries.ru/catalog/0/search.aspx?search=%D1%82%D0%B5%D1%80%D0%BC%D0%BE%D1%81"
Russia,,,Wildberries,shipping_info,Shipping Info,availability,Wildberries,https://www.wildberries.ru,platform_data_source,2026-06-30,"Search pages provide product-level signals, but no stable public bestseller URL listed. Manual check required for category ranks. | Russia/CIS marketplace pricing; seller density; reviews; rating; category competition | https://www.wildberries.ru/catalog/0/search.aspx?search=%D1%82%D0%B5%D1%80%D0%BC%D0%BE%D1%81"
Russia,,,Wildberries,promotion,Promotion,availability,Wildberries,https://www.wildberries.ru,platform_data_source,2026-06-30,"Search pages provide product-level signals, but no stable public bestseller URL listed. Manual check required for category ranks. | Russia/CIS marketplace pricing; seller density; reviews; rating; category competition | https://www.wildberries.ru/catalog/0/search.aspx?search=%D1%82%D0%B5%D1%80%D0%BC%D0%BE%D1%81"
Russia,,,Wildberries,availability,Availability,availability,Wildberries,https://www.wildberries.ru,platform_data_source,2026-06-30,"Search pages provide product-level signals, but no stable public bestseller URL listed. Manual check required for category ranks. | Russia/CIS marketplace pricing; seller density; reviews; rating; category competition | https://www.wildberries.ru/catalog/0/search.aspx?search=%D1%82%D0%B5%D1%80%D0%BC%D0%BE%D1%81"
CIS-adjacent markets,,,Wildberries,price,Price,availability,Wildberries,https://www.wildberries.ru,platform_data_source,2026-06-30,"Search pages provide product-level signals, but no stable public bestseller URL listed. Manual check required for category ranks. | Russia/CIS marketplace pricing; seller density; reviews; rating; category competition | https://www.wildberries.ru/catalog/0/search.aspx?search=%D1%82%D0%B5%D1%80%D0%BC%D0%BE%D1%81"
CIS-adjacent markets,,,Wildberries,rating,Rating,availability,Wildberries,https://www.wildberries.ru,platform_data_source,2026-06-30,"Search pages provide product-level signals, but no stable public bestseller URL listed. Manual check required for category ranks. | Russia/CIS marketplace pricing; seller density; reviews; rating; category competition | https://www.wildberries.ru/catalog/0/search.aspx?search=%D1%82%D0%B5%D1%80%D0%BC%D0%BE%D1%81"
CIS-adjacent markets,,,Wildberries,review_count,Review Count,availability,Wildberries,https://www.wildberries.ru,platform_data_source,2026-06-30,"Search pages provide product-level signals, but no stable public bestseller URL listed. Manual check required for category ranks. | Russia/CIS marketplace pricing; seller density; reviews; rating; category competition | https://www.wildberries.ru/catalog/0/search.aspx?search=%D1%82%D0%B5%D1%80%D0%BC%D0%BE%D1%81"
CIS-adjacent markets,,,Wildberries,sales_proxy,Sales Proxy,availability,Wildberries,https://www.wildberries.ru,platform_data_source,2026-06-30,"Search pages provide product-level signals, but no stable public bestseller URL listed. Manual check required for category ranks. | Russia/CIS marketplace pricing; seller density; reviews; rating; category competition | https://www.wildberries.ru/catalog/0/search.aspx?search=%D1%82%D0%B5%D1%80%D0%BC%D0%BE%D1%81"
CIS-adjacent markets,,,Wildberries,ranking,Ranking,availability,Wildberries,https://www.wildberries.ru,platform_data_source,2026-06-30,"Search pages provide product-level signals, but no stable public bestseller URL listed. Manual check required for category ranks. | Russia/CIS marketplace pricing; seller density; reviews; rating; category competition | https://www.wildberries.ru/catalog/0/search.aspx?search=%D1%82%D0%B5%D1%80%D0%BC%D0%BE%D1%81"
CIS-adjacent markets,,,Wildberries,brand,Brand,availability,Wildberries,https://www.wildberries.ru,platform_data_source,2026-06-30,"Search pages provide product-level signals, but no stable public bestseller URL listed. Manual check required for category ranks. | Russia/CIS marketplace pricing; seller density; reviews; rating; category competition | https://www.wildberries.ru/catalog/0/search.aspx?search=%D1%82%D0%B5%D1%80%D0%BC%D0%BE%D1%81"
CIS-adjacent markets,,,Wildberries,product_url,Product URL,availability,Wildberries,https://www.wildberries.ru,platform_data_source,2026-06-30,"Search pages provide product-level signals, but no stable public bestseller URL listed. Manual check required for category ranks. | Russia/CIS marketplace pricing; seller density; reviews; rating; category competition | https://www.wildberries.ru/catalog/0/search.aspx?search=%D1%82%D0%B5%D1%80%D0%BC%D0%BE%D1%81"
CIS-adjacent markets,,,Wildberries,seller,Seller,availability,Wildberries,https://www.wildberries.ru,platform_data_source,2026-06-30,"Search pages provide product-level signals, but no stable public bestseller URL listed. Manual check required for category ranks. | Russia/CIS marketplace pricing; seller density; reviews; rating; category competition | https://www.wildberries.ru/catalog/0/search.aspx?search=%D1%82%D0%B5%D1%80%D0%BC%D0%BE%D1%81"
CIS-adjacent markets,,,Wildberries,shipping_info,Shipping Info,availability,Wildberries,https://www.wildberries.ru,platform_data_source,2026-06-30,"Search pages provide product-level signals, but no stable public bestseller URL listed. Manual check required for category ranks. | Russia/CIS marketplace pricing; seller density; reviews; rating; category competition | https://www.wildberries.ru/catalog/0/search.aspx?search=%D1%82%D0%B5%D1%80%D0%BC%D0%BE%D1%81"
CIS-adjacent markets,,,Wildberries,promotion,Promotion,availability,Wildberries,https://www.wildberries.ru,platform_data_source,2026-06-30,"Search pages provide product-level signals, but no stable public bestseller URL listed. Manual check required for category ranks. | Russia/CIS marketplace pricing; seller density; reviews; rating; category competition | https://www.wildberries.ru/catalog/0/search.aspx?search=%D1%82%D0%B5%D1%80%D0%BC%D0%BE%D1%81"
CIS-adjacent markets,,,Wildberries,availability,Availability,availability,Wildberries,https://www.wildberries.ru,platform_data_source,2026-06-30,"Search pages provide product-level signals, but no stable public bestseller URL listed. Manual check required for category ranks. | Russia/CIS marketplace pricing; seller density; reviews; rating; category competition | https://www.wildberries.ru/catalog/0/search.aspx?search=%D1%82%D0%B5%D1%80%D0%BC%D0%BE%D1%81"
Germany,,,Zalando,price,Price,availability,Zalando,https://www.zalando.com,platform_data_source,2026-06-30,"Fashion-focused platform, less suitable for non-fashion products. No universal public bestseller URL listed. | European fashion category checks; brand assortment; price positioning; product availability | https://www.zalando.com/catalog/?q=sneakers"
Germany,,,Zalando,rating,Rating,availability,Zalando,https://www.zalando.com,platform_data_source,2026-06-30,"Fashion-focused platform, less suitable for non-fashion products. No universal public bestseller URL listed. | European fashion category checks; brand assortment; price positioning; product availability | https://www.zalando.com/catalog/?q=sneakers"
Germany,,,Zalando,review_count,Review Count,availability,Zalando,https://www.zalando.com,platform_data_source,2026-06-30,"Fashion-focused platform, less suitable for non-fashion products. No universal public bestseller URL listed. | European fashion category checks; brand assortment; price positioning; product availability | https://www.zalando.com/catalog/?q=sneakers"
Germany,,,Zalando,sales_proxy,Sales Proxy,availability,Zalando,https://www.zalando.com,platform_data_source,2026-06-30,"Fashion-focused platform, less suitable for non-fashion products. No universal public bestseller URL listed. | European fashion category checks; brand assortment; price positioning; product availability | https://www.zalando.com/catalog/?q=sneakers"
Germany,,,Zalando,ranking,Ranking,availability,Zalando,https://www.zalando.com,platform_data_source,2026-06-30,"Fashion-focused platform, less suitable for non-fashion products. No universal public bestseller URL listed. | European fashion category checks; brand assortment; price positioning; product availability | https://www.zalando.com/catalog/?q=sneakers"
Germany,,,Zalando,brand,Brand,availability,Zalando,https://www.zalando.com,platform_data_source,2026-06-30,"Fashion-focused platform, less suitable for non-fashion products. No universal public bestseller URL listed. | European fashion category checks; brand assortment; price positioning; product availability | https://www.zalando.com/catalog/?q=sneakers"
Germany,,,Zalando,product_url,Product URL,availability,Zalando,https://www.zalando.com,platform_data_source,2026-06-30,"Fashion-focused platform, less suitable for non-fashion products. No universal public bestseller URL listed. | European fashion category checks; brand assortment; price positioning; product availability | https://www.zalando.com/catalog/?q=sneakers"
Germany,,,Zalando,seller,Seller,availability,Zalando,https://www.zalando.com,platform_data_source,2026-06-30,"Fashion-focused platform, less suitable for non-fashion products. No universal public bestseller URL listed. | European fashion category checks; brand assortment; price positioning; product availability | https://www.zalando.com/catalog/?q=sneakers"
Germany,,,Zalando,shipping_info,Shipping Info,availability,Zalando,https://www.zalando.com,platform_data_source,2026-06-30,"Fashion-focused platform, less suitable for non-fashion products. No universal public bestseller URL listed. | European fashion category checks; brand assortment; price positioning; product availability | https://www.zalando.com/catalog/?q=sneakers"
Germany,,,Zalando,promotion,Promotion,availability,Zalando,https://www.zalando.com,platform_data_source,2026-06-30,"Fashion-focused platform, less suitable for non-fashion products. No universal public bestseller URL listed. | European fashion category checks; brand assortment; price positioning; product availability | https://www.zalando.com/catalog/?q=sneakers"
Germany,,,Zalando,availability,Availability,availability,Zalando,https://www.zalando.com,platform_data_source,2026-06-30,"Fashion-focused platform, less suitable for non-fashion products. No universal public bestseller URL listed. | European fashion category checks; brand assortment; price positioning; product availability | https://www.zalando.com/catalog/?q=sneakers"
United Kingdom,,,Zalando,price,Price,availability,Zalando,https://www.zalando.com,platform_data_source,2026-06-30,"Fashion-focused platform, less suitable for non-fashion products. No universal public bestseller URL listed. | European fashion category checks; brand assortment; price positioning; product availability | https://www.zalando.com/catalog/?q=sneakers"
United Kingdom,,,Zalando,rating,Rating,availability,Zalando,https://www.zalando.com,platform_data_source,2026-06-30,"Fashion-focused platform, less suitable for non-fashion products. No universal public bestseller URL listed. | European fashion category checks; brand assortment; price positioning; product availability | https://www.zalando.com/catalog/?q=sneakers"
United Kingdom,,,Zalando,review_count,Review Count,availability,Zalando,https://www.zalando.com,platform_data_source,2026-06-30,"Fashion-focused platform, less suitable for non-fashion products. No universal public bestseller URL listed. | European fashion category checks; brand assortment; price positioning; product availability | https://www.zalando.com/catalog/?q=sneakers"
United Kingdom,,,Zalando,sales_proxy,Sales Proxy,availability,Zalando,https://www.zalando.com,platform_data_source,2026-06-30,"Fashion-focused platform, less suitable for non-fashion products. No universal public bestseller URL listed. | European fashion category checks; brand assortment; price positioning; product availability | https://www.zalando.com/catalog/?q=sneakers"
United Kingdom,,,Zalando,ranking,Ranking,availability,Zalando,https://www.zalando.com,platform_data_source,2026-06-30,"Fashion-focused platform, less suitable for non-fashion products. No universal public bestseller URL listed. | European fashion category checks; brand assortment; price positioning; product availability | https://www.zalando.com/catalog/?q=sneakers"
United Kingdom,,,Zalando,brand,Brand,availability,Zalando,https://www.zalando.com,platform_data_source,2026-06-30,"Fashion-focused platform, less suitable for non-fashion products. No universal public bestseller URL listed. | European fashion category checks; brand assortment; price positioning; product availability | https://www.zalando.com/catalog/?q=sneakers"
United Kingdom,,,Zalando,product_url,Product URL,availability,Zalando,https://www.zalando.com,platform_data_source,2026-06-30,"Fashion-focused platform, less suitable for non-fashion products. No universal public bestseller URL listed. | European fashion category checks; brand assortment; price positioning; product availability | https://www.zalando.com/catalog/?q=sneakers"
United Kingdom,,,Zalando,seller,Seller,availability,Zalando,https://www.zalando.com,platform_data_source,2026-06-30,"Fashion-focused platform, less suitable for non-fashion products. No universal public bestseller URL listed. | European fashion category checks; brand assortment; price positioning; product availability | https://www.zalando.com/catalog/?q=sneakers"
United Kingdom,,,Zalando,shipping_info,Shipping Info,availability,Zalando,https://www.zalando.com,platform_data_source,2026-06-30,"Fashion-focused platform, less suitable for non-fashion products. No universal public bestseller URL listed. | European fashion category checks; brand assortment; price positioning; product availability | https://www.zalando.com/catalog/?q=sneakers"
United Kingdom,,,Zalando,promotion,Promotion,availability,Zalando,https://www.zalando.com,platform_data_source,2026-06-30,"Fashion-focused platform, less suitable for non-fashion products. No universal public bestseller URL listed. | European fashion category checks; brand assortment; price positioning; product availability | https://www.zalando.com/catalog/?q=sneakers"
United Kingdom,,,Zalando,availability,Availability,availability,Zalando,https://www.zalando.com,platform_data_source,2026-06-30,"Fashion-focused platform, less suitable for non-fashion products. No universal public bestseller URL listed. | European fashion category checks; brand assortment; price positioning; product availability | https://www.zalando.com/catalog/?q=sneakers"
France,,,Zalando,price,Price,availability,Zalando,https://www.zalando.com,platform_data_source,2026-06-30,"Fashion-focused platform, less suitable for non-fashion products. No universal public bestseller URL listed. | European fashion category checks; brand assortment; price positioning; product availability | https://www.zalando.com/catalog/?q=sneakers"
France,,,Zalando,rating,Rating,availability,Zalando,https://www.zalando.com,platform_data_source,2026-06-30,"Fashion-focused platform, less suitable for non-fashion products. No universal public bestseller URL listed. | European fashion category checks; brand assortment; price positioning; product availability | https://www.zalando.com/catalog/?q=sneakers"
France,,,Zalando,review_count,Review Count,availability,Zalando,https://www.zalando.com,platform_data_source,2026-06-30,"Fashion-focused platform, less suitable for non-fashion products. No universal public bestseller URL listed. | European fashion category checks; brand assortment; price positioning; product availability | https://www.zalando.com/catalog/?q=sneakers"
France,,,Zalando,sales_proxy,Sales Proxy,availability,Zalando,https://www.zalando.com,platform_data_source,2026-06-30,"Fashion-focused platform, less suitable for non-fashion products. No universal public bestseller URL listed. | European fashion category checks; brand assortment; price positioning; product availability | https://www.zalando.com/catalog/?q=sneakers"
France,,,Zalando,ranking,Ranking,availability,Zalando,https://www.zalando.com,platform_data_source,2026-06-30,"Fashion-focused platform, less suitable for non-fashion products. No universal public bestseller URL listed. | European fashion category checks; brand assortment; price positioning; product availability | https://www.zalando.com/catalog/?q=sneakers"
France,,,Zalando,brand,Brand,availability,Zalando,https://www.zalando.com,platform_data_source,2026-06-30,"Fashion-focused platform, less suitable for non-fashion products. No universal public bestseller URL listed. | European fashion category checks; brand assortment; price positioning; product availability | https://www.zalando.com/catalog/?q=sneakers"
France,,,Zalando,product_url,Product URL,availability,Zalando,https://www.zalando.com,platform_data_source,2026-06-30,"Fashion-focused platform, less suitable for non-fashion products. No universal public bestseller URL listed. | European fashion category checks; brand assortment; price positioning; product availability | https://www.zalando.com/catalog/?q=sneakers"
France,,,Zalando,seller,Seller,availability,Zalando,https://www.zalando.com,platform_data_source,2026-06-30,"Fashion-focused platform, less suitable for non-fashion products. No universal public bestseller URL listed. | European fashion category checks; brand assortment; price positioning; product availability | https://www.zalando.com/catalog/?q=sneakers"
France,,,Zalando,shipping_info,Shipping Info,availability,Zalando,https://www.zalando.com,platform_data_source,2026-06-30,"Fashion-focused platform, less suitable for non-fashion products. No universal public bestseller URL listed. | European fashion category checks; brand assortment; price positioning; product availability | https://www.zalando.com/catalog/?q=sneakers"
France,,,Zalando,promotion,Promotion,availability,Zalando,https://www.zalando.com,platform_data_source,2026-06-30,"Fashion-focused platform, less suitable for non-fashion products. No universal public bestseller URL listed. | European fashion category checks; brand assortment; price positioning; product availability | https://www.zalando.com/catalog/?q=sneakers"
France,,,Zalando,availability,Availability,availability,Zalando,https://www.zalando.com,platform_data_source,2026-06-30,"Fashion-focused platform, less suitable for non-fashion products. No universal public bestseller URL listed. | European fashion category checks; brand assortment; price positioning; product availability | https://www.zalando.com/catalog/?q=sneakers"
Italy,,,Zalando,price,Price,availability,Zalando,https://www.zalando.com,platform_data_source,2026-06-30,"Fashion-focused platform, less suitable for non-fashion products. No universal public bestseller URL listed. | European fashion category checks; brand assortment; price positioning; product availability | https://www.zalando.com/catalog/?q=sneakers"
Italy,,,Zalando,rating,Rating,availability,Zalando,https://www.zalando.com,platform_data_source,2026-06-30,"Fashion-focused platform, less suitable for non-fashion products. No universal public bestseller URL listed. | European fashion category checks; brand assortment; price positioning; product availability | https://www.zalando.com/catalog/?q=sneakers"
Italy,,,Zalando,review_count,Review Count,availability,Zalando,https://www.zalando.com,platform_data_source,2026-06-30,"Fashion-focused platform, less suitable for non-fashion products. No universal public bestseller URL listed. | European fashion category checks; brand assortment; price positioning; product availability | https://www.zalando.com/catalog/?q=sneakers"
Italy,,,Zalando,sales_proxy,Sales Proxy,availability,Zalando,https://www.zalando.com,platform_data_source,2026-06-30,"Fashion-focused platform, less suitable for non-fashion products. No universal public bestseller URL listed. | European fashion category checks; brand assortment; price positioning; product availability | https://www.zalando.com/catalog/?q=sneakers"
Italy,,,Zalando,ranking,Ranking,availability,Zalando,https://www.zalando.com,platform_data_source,2026-06-30,"Fashion-focused platform, less suitable for non-fashion products. No universal public bestseller URL listed. | European fashion category checks; brand assortment; price positioning; product availability | https://www.zalando.com/catalog/?q=sneakers"
Italy,,,Zalando,brand,Brand,availability,Zalando,https://www.zalando.com,platform_data_source,2026-06-30,"Fashion-focused platform, less suitable for non-fashion products. No universal public bestseller URL listed. | European fashion category checks; brand assortment; price positioning; product availability | https://www.zalando.com/catalog/?q=sneakers"
Italy,,,Zalando,product_url,Product URL,availability,Zalando,https://www.zalando.com,platform_data_source,2026-06-30,"Fashion-focused platform, less suitable for non-fashion products. No universal public bestseller URL listed. | European fashion category checks; brand assortment; price positioning; product availability | https://www.zalando.com/catalog/?q=sneakers"
Italy,,,Zalando,seller,Seller,availability,Zalando,https://www.zalando.com,platform_data_source,2026-06-30,"Fashion-focused platform, less suitable for non-fashion products. No universal public bestseller URL listed. | European fashion category checks; brand assortment; price positioning; product availability | https://www.zalando.com/catalog/?q=sneakers"
Italy,,,Zalando,shipping_info,Shipping Info,availability,Zalando,https://www.zalando.com,platform_data_source,2026-06-30,"Fashion-focused platform, less suitable for non-fashion products. No universal public bestseller URL listed. | European fashion category checks; brand assortment; price positioning; product availability | https://www.zalando.com/catalog/?q=sneakers"
Italy,,,Zalando,promotion,Promotion,availability,Zalando,https://www.zalando.com,platform_data_source,2026-06-30,"Fashion-focused platform, less suitable for non-fashion products. No universal public bestseller URL listed. | European fashion category checks; brand assortment; price positioning; product availability | https://www.zalando.com/catalog/?q=sneakers"
Italy,,,Zalando,availability,Availability,availability,Zalando,https://www.zalando.com,platform_data_source,2026-06-30,"Fashion-focused platform, less suitable for non-fashion products. No universal public bestseller URL listed. | European fashion category checks; brand assortment; price positioning; product availability | https://www.zalando.com/catalog/?q=sneakers"
Spain,,,Zalando,price,Price,availability,Zalando,https://www.zalando.com,platform_data_source,2026-06-30,"Fashion-focused platform, less suitable for non-fashion products. No universal public bestseller URL listed. | European fashion category checks; brand assortment; price positioning; product availability | https://www.zalando.com/catalog/?q=sneakers"
Spain,,,Zalando,rating,Rating,availability,Zalando,https://www.zalando.com,platform_data_source,2026-06-30,"Fashion-focused platform, less suitable for non-fashion products. No universal public bestseller URL listed. | European fashion category checks; brand assortment; price positioning; product availability | https://www.zalando.com/catalog/?q=sneakers"
Spain,,,Zalando,review_count,Review Count,availability,Zalando,https://www.zalando.com,platform_data_source,2026-06-30,"Fashion-focused platform, less suitable for non-fashion products. No universal public bestseller URL listed. | European fashion category checks; brand assortment; price positioning; product availability | https://www.zalando.com/catalog/?q=sneakers"
Spain,,,Zalando,sales_proxy,Sales Proxy,availability,Zalando,https://www.zalando.com,platform_data_source,2026-06-30,"Fashion-focused platform, less suitable for non-fashion products. No universal public bestseller URL listed. | European fashion category checks; brand assortment; price positioning; product availability | https://www.zalando.com/catalog/?q=sneakers"
Spain,,,Zalando,ranking,Ranking,availability,Zalando,https://www.zalando.com,platform_data_source,2026-06-30,"Fashion-focused platform, less suitable for non-fashion products. No universal public bestseller URL listed. | European fashion category checks; brand assortment; price positioning; product availability | https://www.zalando.com/catalog/?q=sneakers"
Spain,,,Zalando,brand,Brand,availability,Zalando,https://www.zalando.com,platform_data_source,2026-06-30,"Fashion-focused platform, less suitable for non-fashion products. No universal public bestseller URL listed. | European fashion category checks; brand assortment; price positioning; product availability | https://www.zalando.com/catalog/?q=sneakers"
Spain,,,Zalando,product_url,Product URL,availability,Zalando,https://www.zalando.com,platform_data_source,2026-06-30,"Fashion-focused platform, less suitable for non-fashion products. No universal public bestseller URL listed. | European fashion category checks; brand assortment; price positioning; product availability | https://www.zalando.com/catalog/?q=sneakers"
Spain,,,Zalando,seller,Seller,availability,Zalando,https://www.zalando.com,platform_data_source,2026-06-30,"Fashion-focused platform, less suitable for non-fashion products. No universal public bestseller URL listed. | European fashion category checks; brand assortment; price positioning; product availability | https://www.zalando.com/catalog/?q=sneakers"
Spain,,,Zalando,shipping_info,Shipping Info,availability,Zalando,https://www.zalando.com,platform_data_source,2026-06-30,"Fashion-focused platform, less suitable for non-fashion products. No universal public bestseller URL listed. | European fashion category checks; brand assortment; price positioning; product availability | https://www.zalando.com/catalog/?q=sneakers"
Spain,,,Zalando,promotion,Promotion,availability,Zalando,https://www.zalando.com,platform_data_source,2026-06-30,"Fashion-focused platform, less suitable for non-fashion products. No universal public bestseller URL listed. | European fashion category checks; brand assortment; price positioning; product availability | https://www.zalando.com/catalog/?q=sneakers"
Spain,,,Zalando,availability,Availability,availability,Zalando,https://www.zalando.com,platform_data_source,2026-06-30,"Fashion-focused platform, less suitable for non-fashion products. No universal public bestseller URL listed. | European fashion category checks; brand assortment; price positioning; product availability | https://www.zalando.com/catalog/?q=sneakers"
Netherlands,,,Zalando,price,Price,availability,Zalando,https://www.zalando.com,platform_data_source,2026-06-30,"Fashion-focused platform, less suitable for non-fashion products. No universal public bestseller URL listed. | European fashion category checks; brand assortment; price positioning; product availability | https://www.zalando.com/catalog/?q=sneakers"
Netherlands,,,Zalando,rating,Rating,availability,Zalando,https://www.zalando.com,platform_data_source,2026-06-30,"Fashion-focused platform, less suitable for non-fashion products. No universal public bestseller URL listed. | European fashion category checks; brand assortment; price positioning; product availability | https://www.zalando.com/catalog/?q=sneakers"
Netherlands,,,Zalando,review_count,Review Count,availability,Zalando,https://www.zalando.com,platform_data_source,2026-06-30,"Fashion-focused platform, less suitable for non-fashion products. No universal public bestseller URL listed. | European fashion category checks; brand assortment; price positioning; product availability | https://www.zalando.com/catalog/?q=sneakers"
Netherlands,,,Zalando,sales_proxy,Sales Proxy,availability,Zalando,https://www.zalando.com,platform_data_source,2026-06-30,"Fashion-focused platform, less suitable for non-fashion products. No universal public bestseller URL listed. | European fashion category checks; brand assortment; price positioning; product availability | https://www.zalando.com/catalog/?q=sneakers"
Netherlands,,,Zalando,ranking,Ranking,availability,Zalando,https://www.zalando.com,platform_data_source,2026-06-30,"Fashion-focused platform, less suitable for non-fashion products. No universal public bestseller URL listed. | European fashion category checks; brand assortment; price positioning; product availability | https://www.zalando.com/catalog/?q=sneakers"
Netherlands,,,Zalando,brand,Brand,availability,Zalando,https://www.zalando.com,platform_data_source,2026-06-30,"Fashion-focused platform, less suitable for non-fashion products. No universal public bestseller URL listed. | European fashion category checks; brand assortment; price positioning; product availability | https://www.zalando.com/catalog/?q=sneakers"
Netherlands,,,Zalando,product_url,Product URL,availability,Zalando,https://www.zalando.com,platform_data_source,2026-06-30,"Fashion-focused platform, less suitable for non-fashion products. No universal public bestseller URL listed. | European fashion category checks; brand assortment; price positioning; product availability | https://www.zalando.com/catalog/?q=sneakers"
Netherlands,,,Zalando,seller,Seller,availability,Zalando,https://www.zalando.com,platform_data_source,2026-06-30,"Fashion-focused platform, less suitable for non-fashion products. No universal public bestseller URL listed. | European fashion category checks; brand assortment; price positioning; product availability | https://www.zalando.com/catalog/?q=sneakers"
Netherlands,,,Zalando,shipping_info,Shipping Info,availability,Zalando,https://www.zalando.com,platform_data_source,2026-06-30,"Fashion-focused platform, less suitable for non-fashion products. No universal public bestseller URL listed. | European fashion category checks; brand assortment; price positioning; product availability | https://www.zalando.com/catalog/?q=sneakers"
Netherlands,,,Zalando,promotion,Promotion,availability,Zalando,https://www.zalando.com,platform_data_source,2026-06-30,"Fashion-focused platform, less suitable for non-fashion products. No universal public bestseller URL listed. | European fashion category checks; brand assortment; price positioning; product availability | https://www.zalando.com/catalog/?q=sneakers"
Netherlands,,,Zalando,availability,Availability,availability,Zalando,https://www.zalando.com,platform_data_source,2026-06-30,"Fashion-focused platform, less suitable for non-fashion products. No universal public bestseller URL listed. | European fashion category checks; brand assortment; price positioning; product availability | https://www.zalando.com/catalog/?q=sneakers"
Nordics,,,Zalando,price,Price,availability,Zalando,https://www.zalando.com,platform_data_source,2026-06-30,"Fashion-focused platform, less suitable for non-fashion products. No universal public bestseller URL listed. | European fashion category checks; brand assortment; price positioning; product availability | https://www.zalando.com/catalog/?q=sneakers"
Nordics,,,Zalando,rating,Rating,availability,Zalando,https://www.zalando.com,platform_data_source,2026-06-30,"Fashion-focused platform, less suitable for non-fashion products. No universal public bestseller URL listed. | European fashion category checks; brand assortment; price positioning; product availability | https://www.zalando.com/catalog/?q=sneakers"
Nordics,,,Zalando,review_count,Review Count,availability,Zalando,https://www.zalando.com,platform_data_source,2026-06-30,"Fashion-focused platform, less suitable for non-fashion products. No universal public bestseller URL listed. | European fashion category checks; brand assortment; price positioning; product availability | https://www.zalando.com/catalog/?q=sneakers"
Nordics,,,Zalando,sales_proxy,Sales Proxy,availability,Zalando,https://www.zalando.com,platform_data_source,2026-06-30,"Fashion-focused platform, less suitable for non-fashion products. No universal public bestseller URL listed. | European fashion category checks; brand assortment; price positioning; product availability | https://www.zalando.com/catalog/?q=sneakers"
Nordics,,,Zalando,ranking,Ranking,availability,Zalando,https://www.zalando.com,platform_data_source,2026-06-30,"Fashion-focused platform, less suitable for non-fashion products. No universal public bestseller URL listed. | European fashion category checks; brand assortment; price positioning; product availability | https://www.zalando.com/catalog/?q=sneakers"
Nordics,,,Zalando,brand,Brand,availability,Zalando,https://www.zalando.com,platform_data_source,2026-06-30,"Fashion-focused platform, less suitable for non-fashion products. No universal public bestseller URL listed. | European fashion category checks; brand assortment; price positioning; product availability | https://www.zalando.com/catalog/?q=sneakers"
Nordics,,,Zalando,product_url,Product URL,availability,Zalando,https://www.zalando.com,platform_data_source,2026-06-30,"Fashion-focused platform, less suitable for non-fashion products. No universal public bestseller URL listed. | European fashion category checks; brand assortment; price positioning; product availability | https://www.zalando.com/catalog/?q=sneakers"
Nordics,,,Zalando,seller,Seller,availability,Zalando,https://www.zalando.com,platform_data_source,2026-06-30,"Fashion-focused platform, less suitable for non-fashion products. No universal public bestseller URL listed. | European fashion category checks; brand assortment; price positioning; product availability | https://www.zalando.com/catalog/?q=sneakers"
Nordics,,,Zalando,shipping_info,Shipping Info,availability,Zalando,https://www.zalando.com,platform_data_source,2026-06-30,"Fashion-focused platform, less suitable for non-fashion products. No universal public bestseller URL listed. | European fashion category checks; brand assortment; price positioning; product availability | https://www.zalando.com/catalog/?q=sneakers"
Nordics,,,Zalando,promotion,Promotion,availability,Zalando,https://www.zalando.com,platform_data_source,2026-06-30,"Fashion-focused platform, less suitable for non-fashion products. No universal public bestseller URL listed. | European fashion category checks; brand assortment; price positioning; product availability | https://www.zalando.com/catalog/?q=sneakers"
Nordics,,,Zalando,availability,Availability,availability,Zalando,https://www.zalando.com,platform_data_source,2026-06-30,"Fashion-focused platform, less suitable for non-fashion products. No universal public bestseller URL listed. | European fashion category checks; brand assortment; price positioning; product availability | https://www.zalando.com/catalog/?q=sneakers"
Japan,Home & Kitchen,Vacuum Flask,Amazon Japan,gdp_per_capita,34000,usd,MVP Sample Dataset,local://data/sample/sample_market_entry_dataset.csv,sample_estimate,2026-06-30,Sample fallback metric for standalone demo runs.
Japan,Home & Kitchen,Vacuum Flask,Amazon Japan,population,123000000,count,MVP Sample Dataset,local://data/sample/sample_market_entry_dataset.csv,sample_estimate,2026-06-30,Sample fallback metric for standalone demo runs.
Japan,Home & Kitchen,Vacuum Flask,Amazon Japan,ecommerce_penetration,0.74,ratio,MVP Sample Dataset,local://data/sample/sample_market_entry_dataset.csv,sample_estimate,2026-06-30,Sample fallback metric for standalone demo runs.
Japan,Home & Kitchen,Vacuum Flask,Amazon Japan,regulatory_complexity,5.0,score_1_to_10,MVP Sample Dataset,local://data/sample/sample_market_entry_dataset.csv,sample_estimate,2026-06-30,Sample fallback metric for standalone demo runs.
Japan,Home & Kitchen,Vacuum Flask,Amazon Japan,logistics_complexity,3.0,score_1_to_10,MVP Sample Dataset,local://data/sample/sample_market_entry_dataset.csv,sample_estimate,2026-06-30,Sample fallback metric for standalone demo runs.
Japan,Home & Kitchen,Vacuum Flask,Amazon Japan,industry_growth_rate,6.8,percent,MVP Sample Dataset,local://data/sample/sample_market_entry_dataset.csv,sample_estimate,2026-06-30,Sample fallback metric for standalone demo runs.
Japan,Home & Kitchen,Vacuum Flask,Amazon Japan,average_price,28,usd,MVP Sample Dataset,local://data/sample/sample_market_entry_dataset.csv,sample_estimate,2026-06-30,Sample fallback metric for standalone demo runs.
Japan,Home & Kitchen,Vacuum Flask,Amazon Japan,average_rating,4.5,rating_1_to_5,MVP Sample Dataset,local://data/sample/sample_market_entry_dataset.csv,sample_estimate,2026-06-30,Sample fallback metric for standalone demo runs.
Japan,Home & Kitchen,Vacuum Flask,Amazon Japan,review_volume,8200,count,MVP Sample Dataset,local://data/sample/sample_market_entry_dataset.csv,sample_estimate,2026-06-30,Sample fallback metric for standalone demo runs.
Japan,Home & Kitchen,Vacuum Flask,Amazon Japan,competition_level,6.2,score_1_to_10,MVP Sample Dataset,local://data/sample/sample_market_entry_dataset.csv,sample_estimate,2026-06-30,Sample fallback metric for standalone demo runs.
Japan,Home & Kitchen,Vacuum Flask,Amazon Japan,cultural_fit_score,82,score_0_to_100,MVP Sample Dataset,local://data/sample/sample_market_entry_dataset.csv,sample_estimate,2026-06-30,Sample fallback metric for standalone demo runs.
Japan,Home & Kitchen,Vacuum Flask,Amazon Japan,trend_keywords,"compact living, premium utility, sustainable materials",text,MVP Sample Dataset,local://data/sample/sample_market_entry_dataset.csv,sample_estimate,2026-06-30,Sample fallback metric for standalone demo runs.
Japan,Home & Kitchen,Vacuum Flask,Amazon Japan,consumer_preference_keywords,"compact, leak-proof, heat retention, minimalist design",text,MVP Sample Dataset,local://data/sample/sample_market_entry_dataset.csv,sample_estimate,2026-06-30,Sample fallback metric for standalone demo runs.
Japan,Home & Kitchen,Vacuum Flask,Amazon Japan,main_platforms,"Amazon Japan, Rakuten, Yahoo Shopping",text,MVP Sample Dataset,local://data/sample/sample_market_entry_dataset.csv,sample_estimate,2026-06-30,Sample fallback metric for standalone demo runs.
Japan,Home & Kitchen,Vacuum Flask,Amazon Japan,platform_notes,Marketplace reviews and seasonal promotion calendars matter.,text,MVP Sample Dataset,local://data/sample/sample_market_entry_dataset.csv,sample_estimate,2026-06-30,Sample fallback metric for standalone demo runs.
United States,Beauty,Sunscreen,Amazon,gdp_per_capita,76000,usd,MVP Sample Dataset,local://data/sample/sample_market_entry_dataset.csv,sample_estimate,2026-06-30,Sample fallback metric for standalone demo runs.
United States,Beauty,Sunscreen,Amazon,population,335000000,count,MVP Sample Dataset,local://data/sample/sample_market_entry_dataset.csv,sample_estimate,2026-06-30,Sample fallback metric for standalone demo runs.
United States,Beauty,Sunscreen,Amazon,ecommerce_penetration,0.82,ratio,MVP Sample Dataset,local://data/sample/sample_market_entry_dataset.csv,sample_estimate,2026-06-30,Sample fallback metric for standalone demo runs.
United States,Beauty,Sunscreen,Amazon,regulatory_complexity,4.0,score_1_to_10,MVP Sample Dataset,local://data/sample/sample_market_entry_dataset.csv,sample_estimate,2026-06-30,Sample fallback metric for standalone demo runs.
United States,Beauty,Sunscreen,Amazon,logistics_complexity,3.5,score_1_to_10,MVP Sample Dataset,local://data/sample/sample_market_entry_dataset.csv,sample_estimate,2026-06-30,Sample fallback metric for standalone demo runs.
United States,Beauty,Sunscreen,Amazon,industry_growth_rate,8.5,percent,MVP Sample Dataset,local://data/sample/sample_market_entry_dataset.csv,sample_estimate,2026-06-30,Sample fallback metric for standalone demo runs.
United States,Beauty,Sunscreen,Amazon,average_price,18,usd,MVP Sample Dataset,local://data/sample/sample_market_entry_dataset.csv,sample_estimate,2026-06-30,Sample fallback metric for standalone demo runs.
United States,Beauty,Sunscreen,Amazon,average_rating,4.3,rating_1_to_5,MVP Sample Dataset,local://data/sample/sample_market_entry_dataset.csv,sample_estimate,2026-06-30,Sample fallback metric for standalone demo runs.
United States,Beauty,Sunscreen,Amazon,review_volume,14500,count,MVP Sample Dataset,local://data/sample/sample_market_entry_dataset.csv,sample_estimate,2026-06-30,Sample fallback metric for standalone demo runs.
United States,Beauty,Sunscreen,Amazon,competition_level,7.0,score_1_to_10,MVP Sample Dataset,local://data/sample/sample_market_entry_dataset.csv,sample_estimate,2026-06-30,Sample fallback metric for standalone demo runs.
United States,Beauty,Sunscreen,Amazon,cultural_fit_score,78,score_0_to_100,MVP Sample Dataset,local://data/sample/sample_market_entry_dataset.csv,sample_estimate,2026-06-30,Sample fallback metric for standalone demo runs.
United States,Beauty,Sunscreen,Amazon,trend_keywords,"sun care, clean beauty, dermocosmetics",text,MVP Sample Dataset,local://data/sample/sample_market_entry_dataset.csv,sample_estimate,2026-06-30,Sample fallback metric for standalone demo runs.
United States,Beauty,Sunscreen,Amazon,consumer_preference_keywords,"lightweight texture, SPF50, sensitive skin, no white cast",text,MVP Sample Dataset,local://data/sample/sample_market_entry_dataset.csv,sample_estimate,2026-06-30,Sample fallback metric for standalone demo runs.
United States,Beauty,Sunscreen,Amazon,main_platforms,"Amazon, Walmart Marketplace, Target",text,MVP Sample Dataset,local://data/sample/sample_market_entry_dataset.csv,sample_estimate,2026-06-30,Sample fallback metric for standalone demo runs.
United States,Beauty,Sunscreen,Amazon,platform_notes,"Search ranking, ratings, ingredient claims, and seasonal demand are critical.",text,MVP Sample Dataset,local://data/sample/sample_market_entry_dataset.csv,sample_estimate,2026-06-30,Sample fallback metric for standalone demo runs.
Germany,Consumer Electronics,Wireless Earbuds,Amazon Germany,gdp_per_capita,52000,usd,MVP Sample Dataset,local://data/sample/sample_market_entry_dataset.csv,sample_estimate,2026-06-30,Sample fallback metric for standalone demo runs.
Germany,Consumer Electronics,Wireless Earbuds,Amazon Germany,population,84000000,count,MVP Sample Dataset,local://data/sample/sample_market_entry_dataset.csv,sample_estimate,2026-06-30,Sample fallback metric for standalone demo runs.
Germany,Consumer Electronics,Wireless Earbuds,Amazon Germany,ecommerce_penetration,0.79,ratio,MVP Sample Dataset,local://data/sample/sample_market_entry_dataset.csv,sample_estimate,2026-06-30,Sample fallback metric for standalone demo runs.
Germany,Consumer Electronics,Wireless Earbuds,Amazon Germany,regulatory_complexity,5.5,score_1_to_10,MVP Sample Dataset,local://data/sample/sample_market_entry_dataset.csv,sample_estimate,2026-06-30,Sample fallback metric for standalone demo runs.
Germany,Consumer Electronics,Wireless Earbuds,Amazon Germany,logistics_complexity,3.0,score_1_to_10,MVP Sample Dataset,local://data/sample/sample_market_entry_dataset.csv,sample_estimate,2026-06-30,Sample fallback metric for standalone demo runs.
Germany,Consumer Electronics,Wireless Earbuds,Amazon Germany,industry_growth_rate,5.4,percent,MVP Sample Dataset,local://data/sample/sample_market_entry_dataset.csv,sample_estimate,2026-06-30,Sample fallback metric for standalone demo runs.
Germany,Consumer Electronics,Wireless Earbuds,Amazon Germany,average_price,55,usd,MVP Sample Dataset,local://data/sample/sample_market_entry_dataset.csv,sample_estimate,2026-06-30,Sample fallback metric for standalone demo runs.
Germany,Consumer Electronics,Wireless Earbuds,Amazon Germany,average_rating,4.2,rating_1_to_5,MVP Sample Dataset,local://data/sample/sample_market_entry_dataset.csv,sample_estimate,2026-06-30,Sample fallback metric for standalone demo runs.
Germany,Consumer Electronics,Wireless Earbuds,Amazon Germany,review_volume,26000,count,MVP Sample Dataset,local://data/sample/sample_market_entry_dataset.csv,sample_estimate,2026-06-30,Sample fallback metric for standalone demo runs.
Germany,Consumer Electronics,Wireless Earbuds,Amazon Germany,competition_level,8.3,score_1_to_10,MVP Sample Dataset,local://data/sample/sample_market_entry_dataset.csv,sample_estimate,2026-06-30,Sample fallback metric for standalone demo runs.
Germany,Consumer Electronics,Wireless Earbuds,Amazon Germany,cultural_fit_score,74,score_0_to_100,MVP Sample Dataset,local://data/sample/sample_market_entry_dataset.csv,sample_estimate,2026-06-30,Sample fallback metric for standalone demo runs.
Germany,Consumer Electronics,Wireless Earbuds,Amazon Germany,trend_keywords,"wireless audio, mobile accessories, smart devices",text,MVP Sample Dataset,local://data/sample/sample_market_entry_dataset.csv,sample_estimate,2026-06-30,Sample fallback metric for standalone demo runs.
Germany,Consumer Electronics,Wireless Earbuds,Amazon Germany,consumer_preference_keywords,"noise cancelling, battery life, compact case, warranty",text,MVP Sample Dataset,local://data/sample/sample_market_entry_dataset.csv,sample_estimate,2026-06-30,Sample fallback metric for standalone demo runs.
Germany,Consumer Electronics,Wireless Earbuds,Amazon Germany,main_platforms,"Amazon Germany, Otto, MediaMarkt",text,MVP Sample Dataset,local://data/sample/sample_market_entry_dataset.csv,sample_estimate,2026-06-30,Sample fallback metric for standalone demo runs.
Germany,Consumer Electronics,Wireless Earbuds,Amazon Germany,platform_notes,"Compliance, warranty messaging, and delivery reliability matter.",text,MVP Sample Dataset,local://data/sample/sample_market_entry_dataset.csv,sample_estimate,2026-06-30,Sample fallback metric for standalone demo runs.
